Compound_1,Compound_2,N_points,p_res_avg,y_1_res_avg,y_2_res_avg,is_consistent
"1,1,1-TRICHLOROETHANE","1,2-DICHLOROETHANE",11,1.8023765778657965,1.6754803865934682,0.4107437091224776,False
"1,1,1-TRICHLOROETHANE","1,2-DICHLOROETHANE",16,0.004966970646877735,0.01763340859110081,0.012843105741941193,False
"1,1,2-TRICHLOROTRIFLUOROETHANE","1,1,2,2-TETRACHLORODIFLUOROETHANE",12,0.036155835803662044,0.04703824417626875,0.011553778643812974,False
"1,1-DICHLOROETHANE",1-BROMOPROPANE,17,0.005737533760898156,0.014129651874944254,0.008770166415745122,False
"1,2-DIBROMOETHANE",ISOBUTANOL,11,0.006935235789183574,0.007211558617156715,0.012674587348457333,False
"1,2-DIBROMOETHANE",ISOBUTANOL,12,0.008938047143841355,0.005131961522028268,0.01329594042038851,False
"1,2-DIBROMOETHANE",N-BUTANOL,12,0.006379449863922265,0.006729660663401672,0.009731730610601674,True
"1,2-DIBROMOETHANE",N-BUTANOL,12,0.007359490855311883,0.007104116668750964,0.012963131723234636,False
"1,2-DIBROMOETHANE",SEC-BUTANOL,25,74198.43091510005,0.45073543799232624,74198.16890521349,False
"1,2-DIBROMOETHANE",TERT-BUTANOL,13,0.019818298266549836,0.005544924811491367,0.025025214363390894,False
"1,2-DIBROMOETHANE",TERT-BUTANOL,12,0.017320019269114462,0.004356809948700804,0.021454701995139745,False
"1,2-DICHLOROETHANE",ETHYLBENZENE,17,0.0637581308162098,0.0834204374360242,0.019922553860201992,False
"1,2-DICHLOROETHANE",FURFURAL,19,0.027587708468493087,0.030420493063477383,0.0040036615271186035,False
"1,2-DICHLOROETHANE",N-PROPANOL,16,0.024135982609593175,0.03824600773388097,0.016765836567607342,False
"1,2-DICHLOROETHANE",P-XYLENE,19,0.04272098961152784,0.05251504100032006,0.010149894058013973,False
"1,2-DICHLOROETHANE",TETRACHLOROETHYLENE,16,0.01680576756525693,0.02259702562844925,0.006950646630213941,False
"1,2-DICHLOROETHANE",TOLUENE,13,0.01640720468647574,0.027156612489437,0.012492745516345254,False
"1,2-DICHLOROETHANE",TRICHLOROETHYLENE,16,0.002030475121467442,0.007120061203616,0.0064038662282937175,True
1-BROMOBUTANE,"1,1,1-TRICHLOROETHANE",9,0.009836375500070363,0.005889224704190184,0.012813150763599283,False
1-BROMOBUTANE,"1,1,2,2-TETRACHLOROETHANE",9,0.023387498115394104,0.031243166914253766,0.008263875400536108,False
1-BROMOBUTANE,"1,2-DICHLOROETHANE",8,0.01773414876684852,0.026371778828757467,0.044105927595605984,False
1-BROMOBUTANE,ISOBUTANOL,12,0.009916886801894354,0.018500090399791815,0.011327398129226932,False
1-BROMOBUTANE,ISOBUTANOL,11,0.008053384808321351,0.014824935887779929,0.01026902755785977,False
1-BROMOBUTANE,N-BUTANOL,13,0.0066061228288500605,0.008435575923813974,0.003498419061586433,True
1-BROMOBUTANE,N-BUTANOL,10,0.009646586714305821,0.015731080708157118,0.007501723541152597,False
1-BROMOBUTANE,SEC-BUTANOL,12,0.010216982495737614,0.023019106610901643,0.0163475988553206,False
1-BROMOBUTANE,SEC-BUTANOL,11,0.004471957170964116,0.008692667652152595,0.009982600458423528,True
1-BROMOBUTANE,TERT-BUTANOL,11,0.003161333886047288,0.003211446525601853,0.004495662369211347,True
1-BROMOBUTANE,TERT-BUTANOL,12,0.008089325292147538,0.005557433951458748,0.013295870141712032,False
1-BROMOPROPANE,CYCLOHEXANE,36,0.0025281863881326857,0.00590963827277108,0.0042180274985615315,True
1-BROMOPROPANE,METHYL ETHYL KETONE,14,0.0017658581347742544,0.0064013382003015986,0.005699605517251166,True
1-BROMOPROPANE,METHYL METHACRYLATE,20,0.012182560277888676,0.020475807095844237,0.00852512799712886,False
1-BROMOPROPANE,N-BUTANOL,23,0.03637869651218801,0.04214107085433412,0.00637585961854905,False
1-BROMOPROPANE,N-HEPTANE,22,0.00892683303559967,0.015067603099066235,0.006163292795404806,False
1-BROMOPROPANE,P-XYLENE,19,0.06188695628497632,0.07237302496167998,0.010488413941495694,False
1-BROMOPROPANE,TOLUENE,23,0.027972407997206544,0.041979245376885084,0.014050805322892735,False
1-CHLOROBUTANE,2-METHYL-2-BUTANOL,12,0.16797095337165738,0.20692577097176246,0.038991428688308384,False
1-CHLOROBUTANE,ISOBUTANOL,11,0.05047669098957727,0.0628498333635556,0.012766038658930107,False
1-CHLOROBUTANE,ISOPROPANOL,17,0.00907408298009629,0.011285895116814208,0.010892517449486364,False
1-CHLOROBUTANE,N-BUTANOL,14,0.13635161059598716,0.14575159852533345,0.009498923967898447,False
1-CHLOROBUTANE,N-BUTANOL,13,0.07362422420706856,0.08462002194101395,0.011294800216924564,False
1-CHLOROBUTANE,SEC-BUTANOL,11,0.04000668611206488,0.04944525196981619,0.009690174549696631,False
1-CHLOROBUTANE,SEC-BUTANOL,11,0.01499255267404165,0.02441711478022507,0.01038551797666313,False
1-HEXENE,ISOPROPANOL,21,76048062254.92917,76048062254.26277,1.159350308477216,False
1-OCTENE,ACRYLIC ACID,15,0.488407436194814,0.5335112803331702,0.045393097610537204,False
1-OCTENE,ETHYLBENZENE,16,0.002208802848215308,0.005136083706170173,0.0034918106258060707,True
"2,2,3-TRIMETHYLBUTANE",BENZENE,17,0.0016149521350272559,0.005785451944175965,0.005325074609994341,True
"2,2,3-TRIMETHYLBUTANE",CYCLOHEXANE,16,0.0010352654708380422,0.007711549762638083,0.008346049860150011,True
"2,2,4-TRIMETHYLPENTANE",METHYLCYCLOHEXANE,11,0.0006799634837185521,0.006836979634984846,0.006225914798650955,True
"2,2,5-TRIMETHYLHEXANE",ETHYLBENZENE,17,0.003729438436705665,0.010032240321852962,0.006610594643931439,False
"2,3-DIMETHYLBUTANE",ACETONE,11,0.01266983448406133,0.014010900584202401,0.016880506878635973,False
"2,3-DIMETHYLBUTANE",CHLOROFORM,9,0.0015466849669761482,0.005800277252544225,0.0047521300248756955,True
"2,3-DIMETHYLBUTANE",ETHANOL,27,0.019904738792706763,0.023535462342397086,0.006191078174241633,False
"2,3-DIMETHYLBUTANE",METHANOL,20,0.031096303094775835,0.032569563973961206,0.010658403040495913,False
"2,3-DIMETHYLBUTANE",METHANOL,17,0.06204058971011747,0.06751839754134252,0.009662575172905079,False
"2,4-DIMETHYLPENTANE",BENZENE,17,0.004751185778168506,0.010401489911995259,0.009925689983976952,False
"2,4-DIMETHYLPENTANE",BENZENE,16,0.003140695619498852,0.0065859909312575935,0.00595666673932964,True
"2,4-DIMETHYLPENTANE",BENZENE,27,0.0017631521796130675,0.0037344875049108222,0.0037007189776988958,True
"2,4-DIMETHYLPENTANE",CYCLOHEXANE,13,0.00029793767565692685,0.0032604163458241305,0.003216730251423364,True
"2,4-XYLENOL","1,2,3,4-TETRAHYDRONAPHTHALENE",17,0.0024304701589836484,0.006415122086579718,0.007193876168403682,True
"2,4-XYLENOL","1,2,3,4-TETRAHYDRONAPHTHALENE",17,0.0012508244563984522,0.0065527125412129785,0.007012084305875249,True
"2,6-DIMETHYLPYRIDINE",O-TOLUIDINE,20,0.022368114709195183,0.026625532207699237,0.004774874326724926,False
2-CHLOROBUTANE,ISOBUTANOL,12,0.2134048689509668,0.2509747145517403,0.0429465136981177,False
2-CHLOROBUTANE,ISOBUTANOL,12,0.037539231160788826,0.04289731198818924,0.007112886533271131,False
2-CHLOROBUTANE,N-BUTANOL,12,77.37780858318038,77.43416576769356,0.05827136931699182,False
2-CHLOROBUTANE,N-BUTANOL,15,0.04425733980136816,0.050001067243482085,0.005743727442113913,False
2-CHLOROBUTANE,SEC-BUTANOL,11,0.8685069442669161,0.9221534817810754,0.06340334284242301,False
2-CHLOROBUTANE,SEC-BUTANOL,13,0.011130272051837834,0.014765092106578837,0.004275846133674462,False
2-CHLOROBUTANE,TERT-BUTANOL,11,0.19881569244693614,0.24406325470572393,0.07247313616790597,False
2-CHLOROBUTANE,TERT-BUTANOL,16,0.0047887073686564375,0.008279870951670796,0.004901631437820594,True
2-METHYL-2-BUTANOL,N-BUTANOL,16,0.006359527517680888,0.012537252382683285,0.006984371994622554,False
2-METHYL-2-BUTANOL,N-BUTANOL,17,0.00456672372302182,0.010220606336076367,0.006102694518281295,False
2-METHYLPYRIDINE,"1,2,3,4-TETRAHYDRONAPHTHALENE",16,0.04830064575726492,0.056472936603551405,0.008380610145644408,False
2-METHYLPYRIDINE,O-TOLUIDINE,21,0.07202070942287785,0.08194212104580235,0.010555986433501375,False
3-METHYL-2-BUTANOL,N-BUTANOL,17,0.0032398719261197357,0.009470264789898073,0.0073029246522429555,True
3-METHYL-2-BUTANOL,N-BUTANOL,17,0.002392212506671862,0.00804768588061599,0.006324910370301822,True
4-METHYLPYRIDINE,O-TOLUIDINE,19,0.04900151114606272,0.06082852649266689,0.011827015346604164,False
ACETALDEHYDE,IODOMETHANE,21,0.012286878032141893,0.021350364029366846,0.009353653673144242,False
ACETIC ACID,CYCLOHEXANE,17,4.6381350479377845,0.02926502790113639,4.664023735706937,False
ACETIC ACID,ETHYLBENZENE,13,0.0430860439661857,0.05571978613600738,0.02319657212748052,False
ACETIC ACID,ETHYLENE GLYCOL,12,113090.2373210104,113090.09976164855,0.7724692648103272,False
ACETIC ACID,ETHYLENE GLYCOL,12,76769.14201643689,76769.05583942306,0.8924777263093798,False
ACETIC ACID,ETHYLENE GLYCOL,12,37751.85369466774,37751.66923192496,0.9068338054621948,False
ACETIC ACID,ETHYLENE GLYCOL,12,11894.352900155913,11894.299120636815,0.7517518249825983,False
ACETIC ACID,ETHYLENE GLYCOL,12,5671.0849025040125,5671.025749825596,0.7229733390999312,False
ACETIC ACID,P-XYLENE,13,0.03230325849881443,0.0511677079446113,0.022246644417756832,False
ACETIC ACID,PROPIONIC ACID,9,0.02440679559514474,0.05179711713714666,0.027390321542001887,False
ACETONE,CARBON TETRACHLORIDE,27,0.005744292222293907,0.0090087041298322,0.004090622213421037,True
ACETONE,CARBON TETRACHLORIDE,25,0.005465734125291534,0.00814295462212771,0.003100532884126089,True
ACETONE,CARBON TETRACHLORIDE,14,0.008467069189984766,0.012664828142166957,0.004287552408804696,False
ACETONE,CHLOROFORM,22,0.0013375658863108123,0.0029247667556080424,0.0023931733694758906,True
ACETONE,"CIS-1,2-DICHLOROETHYLENE",21,0.0051908123812230205,0.012837954592893254,0.013244998816181828,False
ACETONE,DIETHYL KETONE,16,0.036124551497093385,0.046257060258850256,0.01013250876175686,False
ACETONE,ETHANOL,9,0.03206372090243734,0.048787809522288554,0.016810376046641182,False
ACETONE,ISOPROPANOL,13,0.004646482156772396,0.006668476802119828,0.0021130678529547842,True
ACETONE,METHANOL,13,0.003496467203199169,0.011594230121086239,0.008097762917887061,False
ACETONE,METHANOL,23,0.007042413267114818,0.01104385021851342,0.008184607188866327,False
ACETONE,METHYL ETHYL KETONE,16,0.02345428812216717,0.042400638648000075,0.018946350525832906,False
ACETONE,METHYL ETHYL KETONE,14,0.012270345669633096,0.022481998584130712,0.012943417837315696,False
ACETONE,WATER,11,0.02248329153942775,0.02526314886536154,0.002784432640241514,False
ACETONE,WATER,13,0.21932383690200208,0.24313132310209426,0.023807486200092192,False
ACETONE,WATER,12,0.6204058977105972,0.6378490382308997,0.017608336770071533,False
ACETONITRILE,1-BROMOPROPANE,25,0.01597871936890164,0.011211143695357539,0.026093003829384242,False
ACETONITRILE,BENZENE,33,0.006531932871880469,0.00934458247348761,0.010658782285087412,False
ACETONITRILE,BENZENE,23,0.004356151308707325,0.007784541246940079,0.007719923858160175,True
ACETONITRILE,ETHYLBENZENE,25,0.16943871668119714,0.1804280553238903,0.011684136660859722,False
ACETONITRILE,ETHYLBENZENE,24,0.08196824272065782,0.09226106576695348,0.010536596696713254,False
ACETONITRILE,ETHYLBENZENE,15,0.15891912389819549,0.17391569180813396,0.019013413150615683,False
ACETONITRILE,M-XYLENE,27,0.20958640825280858,0.22463856741400537,0.015370654238558278,False
ACETONITRILE,METHYL METHACRYLATE,23,0.009701013113492932,0.016719739584076375,0.00854267967074223,False
ACETONITRILE,P-XYLENE,23,0.31797389734222353,0.3322011612372268,0.014260299781022334,False
ACETONITRILE,P-XYLENE,26,0.09997701000667689,0.10988400193638115,0.00993330142300266,False
ACETONITRILE,P-XYLENE,21,0.28898708871871037,0.31129655142610374,0.022724734183981007,False
ACETONITRILE,TOLUENE,31,0.04452533684072657,0.05665096818519557,0.01267132127879218,False
ACETONITRILE,TOLUENE,28,0.029294276190447843,0.03721296062979355,0.008437805312756164,False
ACETONITRILE,VINYL ACETATE,24,0.0020644358415481483,0.004719522186707122,0.006108239018400924,True
ACETONITRILE,WATER,11,0.37266106672382177,0.4146629686695194,0.0809833497392507,False
ACETOPHENONE,SEC-BUTANOL,13,32003.75998040792,0.058970468904210566,32003.81873028403,False
ACETYLACETONE,ETHYLENE GLYCOL,15,7.308544242138861e+65,7.308544242138861e+65,35801328200583.14,False
ACETYLACETONE,ETHYLENE GLYCOL,15,5.899310352903538e+33,5.899310352903538e+33,93289.00607814986,False
ACETYLACETONE,ETHYLENE GLYCOL,15,7.348190868568128e+51,7.348190868568128e+51,60924514.44643148,False
ACRYLONITRILE,ACETONITRILE,7,0.001477898535504159,0.009917771849369776,0.008738979204396534,True
ACRYLONITRILE,BENZENE,18,0.0018649970141412103,0.005470381296322261,0.0051668563915709936,True
ACRYLONITRILE,CYCLOHEXANE,21,0.014920789929560066,0.015335293120309961,0.009143352857529454,False
ACRYLONITRILE,METHYL ETHYL KETONE,20,0.004659984828907988,0.00963480583867581,0.00780459181583838,True
ACRYLONITRILE,N-HEXANE,15,0.01723685309518338,0.01238359503750375,0.019732929509600212,False
ACRYLONITRILE,TOLUENE,20,0.017553615673612737,0.022225924384467376,0.008800459098220146,False
ALLYL ALCOHOL,CUMENE,17,0.1840221831493065,0.20652175214261048,0.023636177655881916,False
ALLYL ALCOHOL,ETHYLBENZENE,16,0.0324862214633781,0.041472059186061616,0.010928650112061889,False
ALLYL ALCOHOL,P-XYLENE,17,0.1092486225998807,0.12980137786959486,0.021584533838253303,False
ALLYL ALCOHOL,TOLUENE,13,0.029387765145458464,0.03673778836419724,0.01753990908468628,False
BENZENE,"2,3-DIMETHYLPENTANE",18,0.00312476215360969,0.008418764739309892,0.0058698199298798555,True
BENZENE,ACETONE,17,0.0010505437349845634,0.0010184075938142459,0.001868859454852186,True
BENZENE,ACETONITRILE,19,0.005444780336356686,0.008701164948647222,0.008036603827187483,True
BENZENE,BENZOTRIFLUORIDE,16,0.005692002299613176,0.01283199486635134,0.007757764822380872,False
BENZENE,CYCLOHEXANE,42,0.002150711554437806,0.0022551187316200982,0.0019498181506890585,True
BENZENE,CYCLOHEXENE,13,0.0009265602526927245,0.004672847166405703,0.004614478345926704,True
BENZENE,ETHANOL,13,0.01681271413419303,0.01960036922382844,0.0177053289305901,False
BENZENE,ETHYLBENZENE,11,0.02130431932721183,0.026694320850358524,0.0055535611719341816,False
BENZENE,HEXAFLUOROBENZENE,29,0.0012023276805627871,0.004877195100576937,0.004589187019158843,True
BENZENE,ISOPROPANOL,14,0.007824334235540627,0.012217107180263611,0.010483110739822785,False
BENZENE,ISOPROPANOL,13,0.013324273171448662,0.019658400968216624,0.011663053283925508,False
BENZENE,M-XYLENE,9,0.22889935449968546,0.2583287059939352,0.031945028253016816,False
BENZENE,N-BUTANOL,24,0.04781905807147726,0.06179458838939689,0.014929319561876825,False
BENZENE,N-BUTANOL,24,0.026295185469137446,0.03350741862368665,0.010972955261444742,False
BENZENE,N-BUTANOL,23,0.014533042516449124,0.022492752549412326,0.008994882660805862,False
BENZENE,N-HEPTANE,9,0.0028875807851673667,0.005221190938105197,0.0025888681655604545,True
BENZENE,N-HEPTANE,9,0.002953991253957529,0.0042604527307644035,0.0020608299208724726,True
BENZENE,N-HEXANE,24,0.0025043811321865885,0.0026519495651135074,0.0045315793572685585,True
BENZENE,N-PROPYLBENZENE,10,0.026904010507062537,0.030420905363968753,0.0035168948569062317,False
BENZENE,TOLUENE,12,0.025299116787782072,0.04072984055410573,0.016351431281660524,False
BENZENE,TRIETHYLENE GLYCOL,11,0.6748512212585912,0.6750009080520877,0.00023468978484492175,False
BENZOTRIFLUORIDE,CHLOROBENZENE,13,0.050406233922200484,0.07388445589379308,0.023824811643352047,False
BENZOTRIFLUORIDE,TOLUENE,14,0.0019325993800024712,0.004835276038032484,0.003667132018103143,True
CARBON DISULFIDE,METHANOL,18,0.07114328830521327,0.06993061438756595,0.03423319127573902,False
CARBON DISULFIDE,METHANOL,18,0.07422793834166055,0.07596216556571396,0.03365143169235279,False
CARBON TETRACHLORIDE,"1,2-DICHLOROETHANE",16,0.0016197533763966908,0.004913466692390398,0.003687111644685777,True
CARBON TETRACHLORIDE,1-HEXENE,18,0.002309394879581169,0.004116881437128848,0.006404672921341688,True
CARBON TETRACHLORIDE,1-OCTENE,18,0.020993782820115634,0.02952455802407556,0.0085406056559169,False
CARBON TETRACHLORIDE,"2,2,4-TRIMETHYLPENTANE",18,0.00854491414012371,0.017323798383792076,0.008849031063201887,False
CARBON TETRACHLORIDE,"2,2,5-TRIMETHYLHEXANE",18,0.031075283551650543,0.04240266814693331,0.011327384595282777,False
CARBON TETRACHLORIDE,"2,3-DIMETHYLBUTANE",36,0.07587217662038043,0.023571797840478362,0.07389360192658684,False
CARBON TETRACHLORIDE,"2,4-DIMETHYLPENTANE",18,0.0008307323514342925,0.0029536933498284126,0.0025741548375425687,True
CARBON TETRACHLORIDE,2-METHYLPENTANE,18,0.004849028792953308,0.006190341314184673,0.010732359509142099,False
CARBON TETRACHLORIDE,3-METHYLPENTANE,18,0.002640498979221004,0.004590533172900743,0.007227672708498499,True
CARBON TETRACHLORIDE,BENZENE,18,0.0009070647557947206,0.003353128812048478,0.003086921111057914,True
CARBON TETRACHLORIDE,CYCLOHEXANE,37,0.001327718359435029,0.005079997972429321,0.004355228072778098,True
CARBON TETRACHLORIDE,CYCLOHEXENE,18,0.0008759730486175769,0.003049073865958102,0.0025495624449294613,True
CARBON TETRACHLORIDE,CYCLOPENTANE,18,0.008423060471381489,0.0063620248756036495,0.014785085346985138,False
CARBON TETRACHLORIDE,ETHYLBENZENE,18,0.032451427677265686,0.040696986822656815,0.008245559145391127,False
CARBON TETRACHLORIDE,FURFURAL,9,0.1024926359489396,0.10788019124887047,0.005387555299930846,False
CARBON TETRACHLORIDE,ISOPROPANOL,15,0.011801386799705226,0.012557277534109398,0.010862230467384623,False
CARBON TETRACHLORIDE,M-XYLENE,18,0.043787784070068926,0.05387189198794947,0.010084107917880548,False
CARBON TETRACHLORIDE,METHYLCYCLOHEXANE,18,0.005637058504286943,0.011193126618165692,0.005662425788624036,False
CARBON TETRACHLORIDE,METHYLCYCLOPENTANE,18,0.0006513244106045648,0.002022465122614954,0.0024426258739008843,True
CARBON TETRACHLORIDE,N-BUTANOL,31,0.04149995112137209,0.049207803609762596,0.008149141299088199,False
CARBON TETRACHLORIDE,N-HEPTANE,18,0.006820402690347227,0.014397660915282193,0.007597921288772402,False
CARBON TETRACHLORIDE,N-HEXANE,18,0.001305258038618389,0.004258155213103408,0.005417917215810278,True
CARBON TETRACHLORIDE,N-OCTANE,18,0.028087805918077247,0.037450652572786125,0.0093628466547089,False
CARBON TETRACHLORIDE,O-XYLENE,18,0.06048795931563749,0.0721847414606262,0.011696782144988725,False
CARBON TETRACHLORIDE,P-XYLENE,18,0.0341216648190974,0.042169615972154614,0.008060122152988755,False
CARBON TETRACHLORIDE,TOLUENE,18,0.013724688890678016,0.02229767993031657,0.008572991039638572,False
CARBON TETRACHLORIDE,TRICHLOROETHYLENE,16,0.0029642703418791337,0.010580400901817841,0.007675356638517837,False
CHLOROBENZENE,ETHYLENE GLYCOL,18,2.1123492376052053e+55,2.1123492376052053e+55,10166.128404970761,False
CHLOROBENZENE,ETHYLENE GLYCOL,17,6.532723938096393e+62,6.532723938096393e+62,3417.0258423062337,False
CHLOROBENZENE,ETHYLENE GLYCOL,15,2.0992336578504697e+43,2.0992336578504697e+43,100.08664921457766,False
CHLOROBENZENE,ETHYLENE GLYCOL,16,8.867988207394375e+67,8.867988207394375e+67,7408700.8259853525,False
CHLOROFORM,BENZENE,36,0.004932664670435347,0.00893069631981034,0.0053806296239216666,True
CHLOROFORM,BENZENE,20,0.004345512543410215,0.011033889773961197,0.007065120917038192,False
CHLOROFORM,BENZENE,20,0.0032562596673259107,0.007172791617511859,0.004532360946627415,True
CHLOROFORM,ETHANOL,14,0.009098906018271733,0.013353665223348219,0.005122078710435668,False
CHLOROFORM,ETHANOL,39,0.0076158516330910395,0.013166202346506986,0.006444315991553184,False
CHLOROFORM,ETHANOL,38,0.005020161323028201,0.008892123047837442,0.005411011240604744,True
CHLOROFORM,ETHYL ACETATE,18,0.0023626512135075015,0.005996585200673133,0.004237940435521383,True
CHLOROFORM,METHANOL,21,0.0048497977191804195,0.009220689979474027,0.009527885702182402,True
CHLOROFORM,METHANOL,22,0.003513373155781681,0.005018992090379364,0.005183355681168754,True
"CIS-1,2-DICHLOROETHYLENE","1,1,1-TRICHLOROETHANE",16,0.0029726083411578228,0.00866900625330318,0.005699132709883395,True
"CIS-1,2-DICHLOROETHYLENE",DIISOPROPYL ETHER,12,0.0023066834018418093,0.009375133188761417,0.007954022623846308,True
"CIS-1,2-DICHLOROETHYLENE",METHANOL,21,0.041454624307582524,0.029239298820091214,0.05156945231409654,False
"CIS-1,2-DICHLOROETHYLENE",METHYL ETHYL KETONE,18,0.005855025727912233,0.011376654748796454,0.006359210679271092,False
"CIS-1,2-DICHLOROETHYLENE",TETRAHYDROFURAN,21,0.004415738458960812,0.01781361631297884,0.017194681484948286,False
CUMENE,BENZYL ALCOHOL,25,0.12251108245658607,0.12904536528558203,0.006677117546253367,False
CUMENE,M-CRESOL,11,0.13034115588823889,0.1418438335957459,0.012402586223887763,False
CUMENE,PHENOL,12,0.036035994002558296,0.043427782817156035,0.00804119019188364,False
CUMENE,PHENOL,13,0.10351570828923408,0.15235237394886317,0.04972443500097789,False
CUMENE,PHENOL,19,0.01441696026916022,0.024137129925102318,0.009846831362996949,False
CYCLOHEXANE,"1,2-DICHLOROETHANE",24,0.015287523366741275,0.03323726333620042,0.029033785295178517,False
CYCLOHEXANE,"1,2-DICHLOROETHANE",17,0.0034866280168133813,0.00595401065861556,0.004299550621008989,True
CYCLOHEXANE,CYCLOHEXENE,11,0.0021162830556787724,0.013336261052036542,0.011388807977912507,False
CYCLOHEXANE,CYCLOHEXENE,17,0.0011072382557980533,0.00848771453441299,0.008007200527012655,True
CYCLOHEXANE,ISOBUTANOL,13,0.10137013548059308,0.1208450611772839,0.0202450684056696,False
CYCLOHEXANE,ISOPROPANOL,14,0.0295051444630153,0.041397235473721095,0.028311222841321395,False
CYCLOHEXANE,ISOPROPANOL,27,0.04710811417971379,0.03447379653388151,0.04491615931778536,False
CYCLOHEXANE,METHYL ISOPROPYL KETONE,66,1.3637551706139506,1.22733004400484,0.41812304960558394,False
CYCLOHEXANE,N-BUTANOL,11,3.2728238994965717,3.307770417139179,0.036713226732689376,False
CYCLOHEXANE,N-HEPTANE,14,0.0016960173444376472,0.0039047584555334724,0.0023399618352706003,True
CYCLOHEXANE,N-OCTANE,28,0.012541754018569825,0.017486069217707297,0.004944315199137474,False
CYCLOHEXANE,N-PROPANOL,29,0.019181820252405942,0.021249029866758,0.010129520600739458,False
CYCLOHEXANE,SEC-BUTANOL,12,0.07664529952667438,0.10174934174489837,0.03964914787958964,False
CYCLOHEXANE,TERT-BUTANOL,11,0.028837623910100415,0.032171255127757675,0.040692286200352576,False
CYCLOHEXANOL,PHENOL,11,0.01241898644221479,0.018203596219593835,0.007331916416446939,False
CYCLOHEXANONE,CYCLOHEXANOL,10,0.009576936725954836,0.01770226794145354,0.00957954909654885,False
CYCLOHEXENE,"1,2-DICHLOROETHANE",27,0.008313206063229547,0.015055895134743046,0.017517454253977906,False
CYCLOHEXENE,"1,2-DICHLOROETHANE",22,0.0019277380924264407,0.007492103413914964,0.006847005195191874,True
DIBROMOMETHANE,ISOBUTANOL,14,0.015700496497031795,0.022061995085174507,0.016420840028407994,False
DIBROMOMETHANE,ISOBUTANOL,13,0.010020675385866536,0.013519849265627678,0.01233354944959607,False
DIBROMOMETHANE,N-BUTANOL,12,0.020808122626078725,0.03207625005000222,0.017566770427987446,False
DIBROMOMETHANE,N-BUTANOL,12,0.024299521174263483,0.033391615631166834,0.014778893448196698,False
DIBROMOMETHANE,SEC-BUTANOL,14,0.009172567094784093,0.015363906166009031,0.01244667601886366,False
DIBROMOMETHANE,SEC-BUTANOL,14,0.011496966106264193,0.01753215842121613,0.019021010657317688,False
DIBROMOMETHANE,TERT-BUTANOL,15,0.02603072798657914,0.012845997823753638,0.033131784977448245,False
DIBROMOMETHANE,TERT-BUTANOL,15,0.014299080727838217,0.0083339533874636,0.0214273650938916,False
DICHLORODIFLUOROMETHANE,"1,1-DICHLOROTETRAFLUOROETHANE",13,0.02409217352730642,0.038032062237715034,0.016633543381862893,False
DICHLOROMETHANE,FURFURAL,19,0.07502537683868936,0.07726015878266244,0.0027111842482101865,False
DIETHYL ETHER,METHANOL,19,0.08239929565442164,0.09223459965491447,0.013335759233683336,False
DIETHYLAMINE,CHLOROFORM,26,0.010750834930540033,0.02182271614146072,0.016745912228523122,False
DIISOPROPYL ETHER,CARBON TETRACHLORIDE,10,0.002408127524848663,0.009427737411662756,0.007050581992477592,True
DIISOPROPYL ETHER,CARBON TETRACHLORIDE,8,0.011447853649200028,0.04788424064683523,0.044363392203823654,False
DIISOPROPYL ETHER,CARBON TETRACHLORIDE,8,0.002952030947258541,0.015961532572775043,0.013009501625516513,False
DIISOPROPYL ETHER,CYCLOHEXANE,20,0.002378939028212162,0.006820837346443892,0.00475911563932366,True
DIISOPROPYL ETHER,CYCLOHEXANE,11,0.009785354157654256,0.030471749980018222,0.020803717920542596,False
DIISOPROPYL ETHER,DIETHYL KETONE,16,0.03446398357976857,0.062172347495273214,0.02770836391550465,False
DIISOPROPYL ETHER,ISOPROPANOL,27,0.009975718604991338,0.015440411415623303,0.007627198294332963,False
DIISOPROPYL ETHER,N-HEPTANE,10,0.011354638634993272,0.018586964261110506,0.007232325626117239,False
DIISOPROPYL ETHER,N-HEPTANE,8,0.012460652249950351,0.022918744590830098,0.010646220486713313,False
DIISOPROPYL ETHER,N-HEPTANE,8,0.025295799542063093,0.042125379180599325,0.017356154216388878,False
DIISOPROPYL ETHER,N-PROPANOL,12,0.02296018977974336,0.03197833569355108,0.014673039870368996,False
DIMETHYL SULFOXIDE,ETHANOL,8,7695.847119327388,0.035433618880726034,7695.882552946269,False
ETHANOL,"1,1,1-TRICHLOROETHANE",9,0.03281432053399589,0.028729715522513157,0.047806900306668385,False
ETHANOL,"1,1,2,2-TETRACHLOROETHANE",10,1.8242825843232864,1.880773628884869,0.05649104456158309,False
ETHANOL,"1,2-DICHLOROETHANE",11,0.07282877781611152,0.09019305208509494,0.03329126822448492,False
ETHANOL,"1,2-DICHLOROETHANE",16,0.019656699451695268,0.026421170042205906,0.01657568745391085,False
ETHANOL,1-OCTANOL,23,0.14385783809574326,0.15195985422750516,0.00814328668515148,False
ETHANOL,"2,2,4-TRIMETHYLPENTANE",17,0.010786445288520762,0.015246449490659439,0.007281028648050822,False
ETHANOL,ACETONE,9,0.03356390095076537,0.017841926674020854,0.05140582762478623,False
ETHANOL,BENZENE,10,0.01251787946648456,0.009263611608250894,0.01749208504096375,False
ETHANOL,BENZENE,10,0.013184600513152156,0.014407620858223913,0.021370013204008963,False
ETHANOL,CYCLOHEXANE,32,0.03604983364282245,0.0349404454702758,0.020480146420957076,False
ETHANOL,DIETHYLAMINE,18,0.007435813572519491,0.007990228510016836,0.014809257895607176,False
ETHANOL,ETHYL ACETATE,19,0.0069223551723689505,0.01579716119473303,0.01315844670704461,False
ETHANOL,ETHYL PROPIONATE,32,0.0190975685439692,0.029835588860445503,0.011497663796510493,False
ETHANOL,ISOPROPANOL,13,0.0005509695314815978,0.00292956691811428,0.002611523996024578,True
ETHANOL,METHYL ETHYL KETONE,8,0.0032591687526596622,0.010770545849222816,0.010852240314748537,False
ETHANOL,METHYL N-PROPYL KETONE,13,0.04048109041116796,0.06457907465379371,0.025223607938352873,False
ETHANOL,METHYL TERT-PENTYL ETHER,29,0.008494671006646158,0.015592980470496965,0.008483117599990313,False
ETHANOL,METHYLCYCLOPENTANE,13,0.04465357321049372,0.03362665809561894,0.028723485160851103,False
ETHANOL,N-BUTANOL,9,0.05286800963419625,0.06978062961312134,0.017426098721120012,False
ETHANOL,N-HEPTANE,17,0.03421399238252761,0.043414917795618194,0.028214894053697256,False
ETHANOL,N-HEPTANE,18,0.21117840016004474,0.21813722267999702,0.06769278955760721,False
ETHANOL,N-HEPTANE,20,0.08631674503686046,0.0938380264476951,0.038882652355890064,False
ETHANOL,N-HEPTANE,23,0.0540834775956204,0.04999055608135876,0.018150727178338318,False
ETHANOL,N-HEXANE,16,0.04377758331753015,0.011792857049673628,0.045867970126110436,False
ETHANOL,N-HEXYL ACETATE,21,1.6366656254010359,1.652130638503722,0.015501642230540827,False
ETHANOL,N-OCTANE,20,0.03196578394145356,0.0353018715577089,0.004426763727788103,False
ETHANOL,N-PENTANOL,10,0.168194067101496,0.18449038723604783,0.016296320134551793,False
ETHANOL,N-PROPYL ACETATE,31,0.022459019358449028,0.03250195940915317,0.010687949632588411,False
ETHANOL,NITROMETHANE,18,0.07179714009168968,0.08850397062017006,0.023682081974962705,False
ETHANOL,O-XYLENE,15,0.07943413296515266,0.08679534668958674,0.007542971856910322,False
ETHANOL,SEC-BUTANOL,8,0.011151075368346046,0.019871090946901995,0.008720015578555968,False
ETHANOL,WATER,61,0.01720653648756172,0.022695776060666063,0.009276143037475268,False
ETHYL ACETATE,1-CHLOROHEXANE,27,0.062440953318946425,0.07158971474423642,0.009148761425290001,False
ETHYL ACETATE,1-CHLOROPENTANE,30,0.01120170571495005,0.016651348199896714,0.006423254400616155,False
ETHYL ACETATE,ACETIC ACID,10,0.05371691099768039,0.07361610013492594,0.019899189137245532,False
ETHYL ACETATE,BENZENE,19,0.00027265470805984757,0.0020004371562473235,0.0017729028155401671,True
ETHYL ACETATE,ETHANOL,12,0.004511355847369961,0.010532847394446302,0.01033666169878958,False
ETHYL ACETATE,N-BUTANOL,13,0.027292317180648586,0.032948088500805515,0.006126160246482341,False
ETHYL ACETATE,N-BUTANOL,14,0.046160780197770264,0.05597570815209194,0.014221279811657115,False
ETHYL ACETATE,O-XYLENE,12,0.053441734014439655,0.06208848561956783,0.009225026761333934,False
ETHYL ACETATE,P-XYLENE,20,0.017619616549161825,0.021388926272100997,0.003931671060099467,False
ETHYL ACETATE,SEC-BUTANOL,31,0.012653656188058238,0.02146323652568455,0.009069244290124623,False
ETHYL ACETATE,SEC-BUTANOL,31,0.0127707262864181,0.022812009673551896,0.01081513659678446,False
ETHYL ACETATE,SEC-BUTANOL,29,0.011842464420068118,0.023410271290116535,0.011849485505550563,False
ETHYL ACETATE,TOLUENE,18,0.005650485632487354,0.008588291246017692,0.0029996660887566967,True
ETHYL ACETATE,WATER,22,0.14159370211603764,0.13972945251647206,0.021524111877321145,False
ETHYL FORMATE,1-BROMOPROPANE,22,0.002311619317033372,0.005429653592497005,0.003907679577585262,True
ETHYL FORMATE,"CIS-1,2-DICHLOROETHYLENE",16,0.00773903882790059,0.01756552250702073,0.01524959064957234,False
ETHYL FORMATE,CYCLOHEXANE,22,0.02279334074265633,0.031104836308417226,0.0098868926832269,False
ETHYLBENZENE,FURFURAL,16,0.030754070128369823,0.05079116612368066,0.024289347042331703,False
ETHYLBENZENE,HEXYLENE GLYCOL,9,0.1717797384392944,0.1814457704795592,0.009666032040264795,False
ETHYLBENZENE,M-XYLENE,14,0.0011510656050357352,0.003455276430880297,0.0033606315022435933,True
ETHYLBENZENE,M-XYLENE,11,0.00038895922688982656,0.00254926582023203,0.0024555207667921702,True
ETHYLBENZENE,"N,N-DIMETHYLFORMAMIDE",17,0.04383624779431263,0.06578175014736382,0.024669095725651645,False
ETHYLBENZENE,O-XYLENE,13,0.0015902933478274886,0.005195228028648414,0.003988053934776669,True
ETHYLBENZENE,O-XYLENE,13,0.0005797347712556074,0.001944716396676714,0.0016084861278653484,True
ETHYLBENZENE,STYRENE,12,0.0033765579312777807,0.009965347167831515,0.006588789236553732,True
ETHYLBENZENE,STYRENE,12,0.003189570891256819,0.010040070748263038,0.006850499857006219,False
ETHYLBENZENE,STYRENE,12,0.002361423477261391,0.0091355637418902,0.00680471499783022,True
ETHYLBENZENE,STYRENE,21,0.00937217229551395,0.012330684755565858,0.0058749986289037505,False
ETHYLCYCLOHEXANE,ETHYLBENZENE,9,0.00047887348764017037,0.0030596123370321077,0.002580738849391943,True
ETHYLCYCLOHEXANE,HEXYLENE GLYCOL,9,0.21757694177399775,0.2252421134595295,0.007665171685531733,False
ETHYLCYCLOHEXANE,ISOPROPANOL,20,0.2413971601579643,0.025945834838494376,0.2629677719139992,False
FORMIC ACID,ACETIC ACID,9,0.019932013288788557,0.05438796810926795,0.03445595482047939,False
FORMIC ACID,ACETIC ACID,17,0.015090681915243199,0.04412088369563863,0.029616635828153187,False
FORMIC ACID,"N,N-DIMETHYLFORMAMIDE",22,0.08044062513610852,0.08823802379762809,0.02080199137229057,False
FORMIC ACID,"N,N-DIMETHYLFORMAMIDE",21,0.054107561326402924,0.062085823238687735,0.010801812072284292,False
FORMIC ACID,"N,N-DIMETHYLFORMAMIDE",39,0.05388257118216273,0.07759851125133976,0.028946912934202016,False
FORMIC ACID,"N,N-DIMETHYLFORMAMIDE",33,0.05152486597347132,0.08210652282273556,0.03674094253990828,False
FORMIC ACID,PROPIONIC ACID,9,0.15681548274072826,0.22244017730589563,0.0656246945651674,False
HEXAFLUOROBENZENE,METHYLCYCLOHEXANE,29,0.005669634237374451,0.01112941301367965,0.006596486468309986,False
HEXAFLUOROBENZENE,TOLUENE,25,0.009155209372386229,0.014089054620616026,0.005562172547867208,False
ISOBUTANOL,BROMOBENZENE,14,0.014891937896023394,0.019709633152308486,0.005341464877653379,False
ISOBUTANOL,BROMOBENZENE,13,0.0174417517426051,0.019960330297425496,0.0029637195473689463,False
ISOBUTANOL,CHLOROBENZENE,11,0.0028021229671409743,0.005646527397287104,0.004893358728701863,True
ISOBUTANOL,CHLOROBENZENE,11,0.006630426825783724,0.00998936127015841,0.003748209835291791,True
ISOBUTANOL,N-BUTANOL,7,0.0027967955681738317,0.009151960098124055,0.006355164529950227,True
ISOPROPANOL,"2,2,4-TRIMETHYLPENTANE",19,0.010231287240296393,0.013335415428112443,0.007548540531170803,False
ISOPROPANOL,"2,2,4-TRIMETHYLPENTANE",12,0.01065341248654366,0.01568988923350136,0.010686950937267932,False
ISOPROPANOL,CARBON TETRACHLORIDE,35,14.12137995534314,14.11000887146128,0.4501741410441896,False
ISOPROPANOL,CHLOROBENZENE,25,0.02244961656804845,0.026076975553433482,0.004049550388058849,False
ISOPROPANOL,CUMENE,15,0.045220759406469115,0.04876721120772976,0.004030317456975221,False
ISOPROPANOL,ISOBUTANOL,12,0.009090900292694291,0.014279234799634782,0.005276045254979547,False
ISOPROPANOL,METHYL ISOBUTYL KETONE,11,0.010644659079027907,0.014620206191590886,0.004430408196891076,False
ISOPROPANOL,METHYL N-PROPYL KETONE,10,0.0043877878828529285,0.008224947793545264,0.0038629042090904753,True
ISOPROPANOL,METHYLCYCLOHEXANE,15,0.016960220511324137,0.020516978989648948,0.007780003789928685,False
ISOPROPANOL,N-HEPTANE,24,0.017207536472129775,0.023106202778910134,0.01801033501760015,False
ISOPROPANOL,N-OCTANE,17,0.02134765849068139,0.02439113505234422,0.0034776460431376294,False
ISOPROPANOL,N-PROPANOL,17,0.006244326603965011,0.014365542463841535,0.00846821970896352,False
ISOPROPANOL,N-PROPANOL,8,0.0013812613238702476,0.0029447575380065136,0.0015634962141362653,True
ISOPROPANOL,N-PROPANOL,14,0.0023183500393556436,0.006009397532505566,0.0042927072605629816,True
ISOPROPANOL,TOLUENE,32,0.008077259023900621,0.012845670870199,0.005897557697690055,False
ISOPROPANOL,TOLUENE,30,0.013396267700930213,0.019529958389083498,0.007400538561055601,False
ISOPROPANOL,WATER,22,0.01553312264616245,0.017773006667176846,0.0075348375352950045,False
ISOPROPANOL,WATER,22,0.0321826854220929,0.03717911905445232,0.00566246068353493,False
ISOPROPANOL,WATER,23,0.014716527069558828,0.020041657049246396,0.007275700154046386,False
ISOPROPANOL,WATER,54,3.5824363402912645e+24,3.5824363402912645e+24,2.529898385774004,False
ISOPROPANOL,WATER,15,0.006422408487809931,0.00873050819592824,0.004834424454541736,True
M-XYLENE,CARBON TETRACHLORIDE,12,0.08243500029941875,0.010552994448818695,0.09267107734920821,False
M-XYLENE,CARBON TETRACHLORIDE,9,0.08610529396370464,0.0123140839617255,0.09841937792543011,False
M-XYLENE,CARBON TETRACHLORIDE,11,0.05928251509478397,0.012901686681727021,0.07163460449565974,False
M-XYLENE,O-XYLENE,13,0.000891406127403312,0.002315954900297299,0.002225871318702795,True
M-XYLENE,O-XYLENE,13,0.0008430851122108179,0.0020486576344116675,0.0019583625075572956,True
M-XYLENE,O-XYLENE,31,6.775469852489468e+29,6.769807760779568e+29,5.662091709900613e+26,False
METHANOL,"1,1,1-TRICHLOROETHANE",12,0.029204972964840325,0.03778866259479311,0.026158735896381447,False
METHANOL,"1,1,2,2-TETRACHLOROETHANE",12,36.52189959965886,36.58322783459805,0.06270562439243173,False
METHANOL,"1,1-DICHLOROETHANE",27,0.012977654118901512,0.009039752503334804,0.015283259776858318,False
METHANOL,"1,2-DICHLOROETHANE",9,0.018978299640475715,0.027370487327777526,0.013221439034445944,False
METHANOL,"1,6-HEXANEDIOL",15,0.580431995723757,0.5883092926350907,0.007938509098910062,False
METHANOL,1-BROMOPROPANE,14,0.042368133089678635,0.07258088639034917,0.05019513012957099,False
METHANOL,1-OCTANOL,23,0.18630691368638047,0.19221781011126748,0.006918807428327909,False
METHANOL,3-METHYL-1-BUTANOL,16,0.09621939827093615,0.10444353636061343,0.008955833271251821,False
METHANOL,ACETONE,23,0.0017003680657463357,0.002435535337050894,0.0035794378387862874,True
METHANOL,ACETONITRILE,21,0.00854665497225123,0.014786726713638898,0.008083579820199674,False
METHANOL,BENZENE,11,0.10878893343982239,0.12555066872456003,0.02039355488349664,False
METHANOL,BENZENE,28,0.019511879864196814,0.02063546594734645,0.007897763958515058,False
METHANOL,CHLOROBENZENE,8,1.0196152549169137,1.0291495972462958,0.009534342329382238,False
METHANOL,DIETHYLAMINE,20,0.007082913462072002,0.010531234690346314,0.01435021155705338,False
METHANOL,ETHANOL,12,0.007700363510279664,0.018469067003956147,0.011037528289112456,False
METHANOL,ETHYL ACETATE,14,0.0098930746124041,0.017956493189263352,0.010939054336330023,False
METHANOL,ETHYL ACETATE,13,0.01423002680944904,0.02533668308295098,0.013380637232138717,False
METHANOL,ETHYL ACETATE,15,0.010788237192736116,0.01791584722177547,0.013800539315498942,False
METHANOL,ETHYL ACETATE,12,0.022121389916689344,0.03152278905790586,0.014041619830109481,False
METHANOL,ETHYL ACETATE,20,0.006310132724480076,0.014000272994226093,0.008346190808815417,False
METHANOL,ETHYLENE GLYCOL,19,7226.320497102771,7226.374331111124,0.05849151600991736,False
METHANOL,ETHYLENE GLYCOL,12,21.309622431688457,21.385955391719524,0.0798658365082859,False
METHANOL,HEXAFLUOROBENZENE,27,0.14378917931338275,0.1538713047138692,0.025673624247350226,False
METHANOL,ISOPROPANOL,30,0.03973204098709122,0.03951646094477575,0.015936982082281413,False
METHANOL,METHYL ACETATE,20,0.005658058833636431,0.00629760634077704,0.009726456332803387,True
METHANOL,METHYL ETHYL KETONE,35,0.03127338482368634,0.028930177487324866,0.018889812937578146,False
METHANOL,METHYL ISOBUTYL KETONE,22,0.17875045432318057,0.19447427577407533,0.016155756595461746,False
METHANOL,METHYL N-BUTYRATE,22,0.058543900020071725,0.06926892191977117,0.010813117897559574,False
METHANOL,METHYL N-PROPYL KETONE,9,0.0529685541946828,0.07845940008945476,0.026248663579627764,False
METHANOL,METHYL PROPIONATE,21,0.029288277028337636,0.042188126046573446,0.015489642091549828,False
METHANOL,METHYL TERT-PENTYL ETHER,25,0.018644396605261154,0.025768119094264675,0.009333328368769328,False
METHANOL,METHYL TERT-PENTYL ETHER,23,1.2097809760241112e+17,1.2097809760237051e+17,40594.18812698574,False
METHANOL,METHYLCYCLOPENTANE,12,0.14197536956281312,0.11358207793833504,0.07431546763929112,False
METHANOL,MORPHOLINE,42,0.16008157229396155,0.16680149929880347,0.011782753939876153,False
METHANOL,N-BUTANOL,9,0.21342121696115174,0.23991403231947667,0.02649281535832485,False
METHANOL,N-BUTYLAMINE,9,0.01762665069305455,0.03183418669813525,0.016501064434787646,False
METHANOL,N-HEXANE,26,0.06327954389436964,0.041210671395451384,0.04881482214626988,False
METHANOL,N-HEXYL ACETATE,22,0.33293186746914966,0.34031948075066937,0.007517462467308217,False
METHANOL,N-PENTANOL,9,0.39738788254931473,0.4193453208481303,0.021957438298815576,False
METHANOL,N-PROPANOL,12,0.013905879111079758,0.020346967723440846,0.007581159099491375,False
METHANOL,N-PROPANOL,9,0.11536678754802038,0.16157370946442684,0.046206921916406525,False
METHANOL,NITROMETHANE,17,0.03921246667662374,0.047606890456672976,0.010404464283973423,False
METHANOL,O-XYLENE,12,0.6278171649813462,0.6414388612380854,0.01362169625673911,False
METHANOL,PYRIDINE,14,0.07649527606332625,0.09236543198696436,0.016797122807377777,False
METHANOL,TETRACHLOROETHYLENE,16,0.40210011947541174,0.41728974169107036,0.02251356373779433,False
METHANOL,THIOPHENE,29,0.012415604583545327,0.013512500140582718,0.0027308743692995648,False
METHANOL,TOLUENE,14,0.15653575811122306,0.16836311232542794,0.013465283454185881,False
METHANOL,TRIETHYLAMINE,18,0.016856506414697783,0.030225901363836502,0.014780167917098689,False
METHANOL,WATER,64,0.01708404613807979,0.02140254762546652,0.0077392437235385275,False
METHYL ACETATE,1-BROMOPROPANE,24,0.01721448335232328,0.0403051539473121,0.023122812975207838,False
METHYL ACETATE,1-CHLOROHEXANE,26,0.5156290408896138,0.5318300379523839,0.037329857394473434,False
METHYL ACETATE,1-CHLOROPENTANE,21,0.03902383325071105,0.04704401067285573,0.008036689434953866,False
METHYL ACETATE,1-HEXENE,21,0.00813576181124061,0.0166006387072529,0.014422211522447756,False
METHYL ACETATE,BENZENE,13,0.00994816758877932,0.018162338157873235,0.008214170569093925,False
METHYL ACETATE,"CIS-1,2-DICHLOROETHYLENE",21,0.0032930848724562916,0.00797325170741585,0.00831654386921685,True
METHYL ACETATE,CYCLOHEXANE,14,0.01717558842634911,0.025146085668049382,0.008018709089588193,False
METHYL ACETATE,DIISOPROPYL ETHER,21,0.005918453994586629,0.013416674819772741,0.008321063162132354,False
METHYL ACETATE,ETHANOL,26,0.0137650883824842,0.023076533184352807,0.009509637305302483,False
METHYL ACETATE,ETHANOL,18,0.021633881332451057,0.03308621507251083,0.011943551035973873,False
METHYL ACETATE,ETHANOL,32,0.011999497361601778,0.01915251349864972,0.007304761898811546,False
METHYL ACETATE,ISOBUTANOL,35,0.034071471794498376,0.038030998489267616,0.0040171764735866585,False
METHYL ACETATE,ISOBUTANOL,37,0.03952391676555369,0.046251872488389606,0.00695616674279555,False
METHYL ACETATE,ISOPROPANOL,35,0.02409818636467581,0.032855038360609296,0.008756851995933485,False
METHYL ACETATE,ISOPROPANOL,41,0.020162107329295013,0.02902821552911402,0.008903937719125581,False
METHYL ACETATE,ISOPROPANOL,39,0.02078482307587673,0.03096788883199091,0.010183065756114188,False
METHYL ACETATE,METHANOL,28,0.04138158123249349,0.06526380571238015,0.04872003825981979,False
METHYL ACETATE,METHANOL,14,0.011324530187800098,0.01968716674102845,0.015722086380839596,False
METHYL ACETATE,METHYL METHACRYLATE,10,0.05233345046696146,0.06983386957275198,0.017500419105790477,False
METHYL ACETATE,N-BUTANOL,41,0.07215026481970388,0.07905789920336963,0.00690763438366574,False
METHYL ACETATE,N-BUTANOL,19,0.2672607296855571,0.2873331372054797,0.020597747255263015,False
METHYL ACETATE,N-BUTANOL,38,0.06993772661678026,0.07768463880050322,0.007749851598869902,False
METHYL ACETATE,N-PROPANOL,32,0.03473478362713938,0.04210948278704345,0.0073944048508320205,False
METHYL ACETATE,N-PROPANOL,21,0.055661401488068786,0.06755764612686892,0.011896244638800128,False
METHYL ACETATE,N-PROPANOL,35,0.02943434778387709,0.037169156760438096,0.007734808976561015,False
METHYL ACETATE,N-PROPANOL,32,0.03635428405213818,0.04549160462191938,0.009137320569781199,False
METHYL ACETATE,O-XYLENE,15,0.165532639035362,0.17804315554674197,0.013105897008695086,False
METHYL ACETATE,SEC-BUTANOL,29,0.03826520261478489,0.04560779849226491,0.007361806774099402,False
METHYL ACETATE,SEC-BUTANOL,25,0.039774051830955434,0.04862514568180787,0.008851093850852447,False
METHYL ACETATE,SEC-BUTANOL,29,0.04066098273007064,0.05159953644790192,0.011063268289110383,False
METHYL ACETATE,TETRAHYDROFURAN,23,0.0021088629129831326,0.004521282166157045,0.003291239979582619,True
METHYL ACETATE,TOLUENE,24,0.024816113720118067,0.02869212528373193,0.004143108251032147,False
METHYL ACETATE,VINYL ACETATE,18,0.002987003253316797,0.006142117041883755,0.0032683205440612426,True
METHYL ETHYL KETONE,3-METHYL-1-BUTANOL,10,0.04696325275384966,0.05779567118736974,0.01083241843352009,False
METHYL ETHYL KETONE,BENZENE,22,0.001216900899051935,0.004285899491592888,0.004420098267613179,True
METHYL ETHYL KETONE,N-BUTANOL,10,0.03731841541072213,0.051204160035888666,0.013885744625166544,False
METHYL ETHYL KETONE,N-BUTANOL,14,0.012935961913397024,0.017798568056360143,0.00493672516496191,False
METHYL ETHYL KETONE,N-PENTANOL,11,0.3727306973806455,0.3986198387486635,0.02588914136801808,False
METHYL ETHYL KETONE,N-PROPANOL,15,0.007443196225833638,0.01190893255839308,0.004823276005684608,False
METHYL ETHYL KETONE,P-XYLENE,31,0.0574360610983537,0.06496810057316318,0.014155066085651645,False
METHYL ETHYL KETONE,SEC-BUTANOL,10,0.013094214942109259,0.0257059129775817,0.012611698035472435,False
METHYL ETHYL KETONE,SEC-BUTANOL,14,0.02358915935541572,0.04269883765237705,0.01948699793914807,False
METHYL ETHYL KETONE,TOLUENE,23,0.0061278400700844945,0.008815344586464552,0.003418799545463664,True
METHYL ETHYL KETONE,WATER,33,0.00921176666914225,0.010942893398394922,0.003777180597170531,False
METHYL ETHYL KETONE,WATER,16,74742.61585896775,74742.6315157407,0.032458251167084826,False
METHYL ETHYL KETONE,WATER,27,0.19720078021060133,0.20871149434389877,0.02580140259346701,False
METHYL ETHYL KETONE,WATER,19,0.05884902956803282,0.060365999813007686,0.023427157599701254,False
METHYL ISOBUTYL KETONE,TERT-BUTANOL,18,0.12598508628710936,0.14379752060502948,0.17285217488033472,False
METHYL METHACRYLATE,TOLUENE,20,0.002711836193549558,0.009133227960310462,0.007182840284221543,True
METHYL N-BUTYRATE,ETHANOL,34,0.019692065702758395,0.008819465789764365,0.02839954040856352,False
METHYL N-BUTYRATE,N-PROPANOL,36,0.06143688092327117,0.07554371870379437,0.06638187566085091,False
METHYL PROPIONATE,ETHANOL,31,0.004696524703398644,0.010305811294303123,0.010048198778336556,False
METHYL PROPIONATE,ISOPROPANOL,38,0.006030900831769588,0.017108147743921075,0.013469728302437273,False
METHYL PROPIONATE,ISOPROPANOL,40,0.0050798334289989784,0.014553367473469834,0.011687585109264879,False
METHYL PROPIONATE,ISOPROPANOL,35,0.004374748517072787,0.012848136733443113,0.013134073403677813,False
METHYL PROPIONATE,N-PROPANOL,37,0.07394517800562306,0.0986875179608051,0.03619925177882861,False
METHYL TERT-BUTYL ETHER,ETHANOL,54,0.010909700467661956,0.015366215964085703,0.005405884840172507,False
METHYL TERT-BUTYL ETHER,METHANOL,47,0.0034372438705866613,0.00497698237919501,0.0024012750924606494,True
METHYL TERT-BUTYL ETHER,METHYL TERT-PENTYL ETHER,28,0.003415067954408276,0.004621439111967167,0.0017618265359690935,True
METHYL TERT-PENTYL ETHER,PHENOL,17,0.09001444517582972,0.09655499768953095,0.00735457832693729,False
METHYLAL,"CIS-1,2-DICHLOROETHYLENE",14,0.010351901296383454,0.0212956095935223,0.013096725404507306,False
METHYLAL,"TRANS-1,2-DICHLOROETHYLENE",20,0.003917994773296707,0.009348818743768953,0.009284736649310028,True
METHYLCYCLOHEXANE,ACETONITRILE,17,0.0344552325462017,0.019244840667524712,0.03177670246130265,False
METHYLCYCLOHEXANE,METHYL ISOBUTYL KETONE,20,0.008503201378190621,0.018034664115733862,0.011144098975655214,False
METHYLCYCLOHEXANE,N-BUTANOL,33,0.02802385653122329,0.03898685844614766,0.011422177729831456,False
METHYLCYCLOHEXANE,TOLUENE,18,0.004942601272054091,0.01582392523985769,0.01153865911418503,False
METHYLCYCLOHEXANE,TOLUENE,14,0.0030469803975378975,0.008980057480743268,0.005981198101323769,True
MONOETHANOLAMINE,DIETHANOLAMINE,9,15.596144714663657,15.602306859089392,0.03215623497753636,False
MORPHOLINE,ISOPROPANOL,10,0.013593245671571807,0.004512726204397354,0.018105971875969185,False
MORPHOLINE,ISOPROPANOL,11,0.027075821982346492,0.006404746968757788,0.03218560305773794,False
MORPHOLINE,METHANOL,11,0.009696359114938203,0.0013077076827894018,0.010989685187602672,False
MORPHOLINE,METHANOL,10,0.010083116030863344,0.0027247499506808147,0.009378026861116728,True
N-BUTANOL,2-METHYL-1-BUTANOL,16,0.0049039263878039845,0.011775464066769614,0.007137496945589548,False
N-BUTANOL,2-METHYL-1-BUTANOL,14,0.0028573622981785717,0.007264145080000189,0.005292226852970832,True
N-BUTANOL,3-METHYL-1-BUTANOL,17,0.003987432628282371,0.008622223649674778,0.005291655113978181,True
N-BUTANOL,3-METHYL-1-BUTANOL,16,0.0027613882079824134,0.008265458628760203,0.005931841682074046,True
N-BUTANOL,CHLOROBENZENE,19,0.013102028296320392,0.02072110394750525,0.00874776481544543,False
N-BUTANOL,ETHYL PROPIONATE,30,0.022033927373695476,0.049228584504857835,0.03146519459162469,False
N-BUTANOL,"N,N-DIMETHYLFORMAMIDE",22,0.01948093347892626,0.031116724040209306,0.01247402450865606,False
N-BUTANOL,"N,N-DIMETHYLFORMAMIDE",19,0.03354690830182331,0.050795146218165575,0.01859516713583809,False
N-BUTANOL,N-BUTYL ACETATE,24,0.00800671962711616,0.018623956938879905,0.013104079042306302,False
N-BUTANOL,N-OCTANE,25,0.009493627303683552,0.010152871052516426,0.010081969374407777,False
N-BUTANOL,TOLUENE,17,0.0753748016788447,0.06446851871212038,0.10839221925222625,False
N-BUTYL ACETATE,ETHANOL,25,0.09472110091915815,0.01795066146973485,0.11266067533619131,False
N-BUTYL ACETATE,ISOPROPANOL,25,0.047901632436504776,0.009245561407901554,0.05688110518206599,False
N-BUTYL ACETATE,N-BUTANOL,29,0.002879949431049109,0.0068043668288634476,0.009084429308336518,True
N-BUTYL ACETATE,N-PROPANOL,28,0.021328682112817774,0.013226000183975324,0.034388928923431004,False
N-BUTYL FORMATE,ETHANOL,30,0.03234553744259648,0.011879805471847667,0.043877979708399475,False
N-BUTYL FORMATE,ISOPROPANOL,25,0.026199826201647895,0.01406368393242237,0.03999056651259456,False
N-BUTYL FORMATE,N-BUTANOL,28,0.0063142196561275,0.01661323319359686,0.011228239638794046,False
N-BUTYL FORMATE,N-PROPANOL,35,0.008862871718845101,0.013953116714747239,0.020675579322553123,False
N-BUTYL N-BUTYRATE,ISOPROPANOL,25,0.15795082825009446,0.009078396923420865,0.16702922517351532,False
N-BUTYL N-BUTYRATE,N-BUTANOL,28,0.04649658218095311,0.012466221192989553,0.05882301238295623,False
N-BUTYL N-BUTYRATE,N-PROPANOL,27,0.033355864878383816,0.004005231380165081,0.0373581584760775,False
N-BUTYL PROPIONATE,ISOPROPANOL,27,0.1563243751512424,0.01586128344112478,0.17216511963461814,False
N-BUTYL PROPIONATE,N-BUTANOL,28,0.015286242245019914,0.0112378936569618,0.02651768773991576,False
N-BUTYL PROPIONATE,N-PROPANOL,31,0.08646350854019035,0.01794557787090341,0.10440908641109374,False
N-BUTYRIC ACID,ETHANOL,26,0.4549250667471431,0.01432800319686572,0.4692530699440089,False
N-DECANE,1-HEPTANOL,8,0.3829776204390415,0.4009869043351,0.16781234810021287,False
N-DECANE,1-HEPTANOL,14,0.018109140399511763,0.03185573146736097,0.01939042198719256,False
N-DECANE,ISOHEPTANOL,10,0.06695577999552035,0.0767502204455482,0.10208849249419356,False
N-DECANE,N-DODECANE,27,0.008791834049074049,0.011516571543020816,0.0037953453048403703,False
N-DODECANE,1-HEXADECENE,7,0.2390720043329005,0.25224941884904445,0.014068274513983705,False
N-DODECANE,1-HEXADECENE,7,0.07016414693159916,0.07623929897281546,0.006075152041216307,False
N-DODECANE,1-HEXADECENE,7,0.053097109543940035,0.06427364498380543,0.011324240173466915,False
N-DODECANE,1-OCTADECENE,11,142.81089599801763,142.86911262666675,0.05821662864913366,False
N-DODECANE,1-OCTADECENE,11,43.70732312711418,43.76423801754984,0.05691489043567035,False
N-DODECANE,1-OCTADECENE,12,0.5266240725554984,0.5487373502273108,0.022113277671812495,False
N-DODECANE,1-OCTADECENE,9,0.2732894420963923,0.2887056884998596,0.018275168034579323,False
N-DODECANE,1-OCTADECENE,11,0.15596554212584163,0.16728992890613403,0.014521122801630997,False
N-DODECANE,1-OCTADECENE,10,0.037388033248158016,0.04187383835923568,0.004921363421371075,False
N-DODECANE,1-OCTADECENE,11,0.07272381789320409,0.08295659214893081,0.010425210893090904,False
N-HEPTANE,ISOBUTANOL,14,0.03397276109441368,0.044961505339368046,0.01822417837233477,False
N-HEPTANE,N-BUTANOL,10,0.04439055058898662,0.046654499586108844,0.023033732862283336,False
N-HEPTANE,N-BUTANOL,12,0.14215991597602992,0.15276206537442513,0.01410145629247884,False
N-HEPTANE,N-BUTANOL,10,0.05409393795498939,0.0773027809360102,0.0377551638683944,False
N-HEPTANE,N-BUTANOL,10,0.04043250293330135,0.06289771007907002,0.03901187648154639,False
N-HEPTANE,N-BUTANOL,10,0.04220133966560743,0.06804314341416204,0.03215073539041261,False
N-HEPTANE,N-BUTANOL,10,0.025413890794266154,0.039720419690017265,0.03424258637272327,False
N-HEPTANE,SEC-BUTANOL,13,0.018931296900053855,0.02609825014869734,0.03552173169824632,False
N-HEPTANE,TOLUENE,14,0.010139150415848482,0.013413958206838158,0.009369292598914086,False
N-HEPTANE,TOLUENE,13,0.005923599008414806,0.01266943279778702,0.007289599144538297,False
N-HEPTANE,TOLUENE,14,0.0031129311984653724,0.007044300531824821,0.006063877634947554,True
N-HEPTANE,TOLUENE,15,0.003325287500059059,0.00745867780537005,0.0046662949599778816,True
N-HEPTANE,TOLUENE,19,0.004191550414514762,0.008198304206992331,0.007310216883510288,True
N-HEXANE,1-CHLOROBUTANE,19,0.002906115943832099,0.006154899119133705,0.004591446289590985,True
N-HEXANE,ANILINE,15,0.5259302437920645,0.5284579345043193,0.0025276907122548323,False
N-HEXANE,BENZENE,12,0.0029307702170669886,0.0074097459375931235,0.004694100668701828,True
N-HEXANE,CYCLOHEXANE,15,0.0016987372111888102,0.005188575655668149,0.003507435290402087,True
N-HEXANE,HEXAFLUOROBENZENE,29,0.005475151371190873,0.012834865919661749,0.009096989839744484,False
N-HEXANE,ISOPROPANOL,21,0.009881566448729385,0.011557664575785467,0.006530511713174001,False
N-HEXANE,ISOPROPANOL,14,0.030282228075315675,0.036551926067691434,0.011067543239407781,False
N-HEXANE,N-HEPTANE,17,0.006971614473275661,0.01184601778000803,0.005113849871501636,False
N-HEXANE,N-PROPANOL,23,268.7336431067616,268.80398937680786,0.08911117908022734,False
N-HEXANE,N-PROPANOL,16,59482.80449219976,59482.86278717254,0.14216725221846377,False
N-OCTANE,ETHYLBENZENE,9,0.004989515841638099,0.014030022148613683,0.009331875071444857,False
N-OCTANE,ETHYLBENZENE,18,0.00804900044587085,0.006723966761220245,0.008860098885290336,True
N-OCTANE,ETHYLBENZENE,9,0.002915377722533845,0.007841036968884357,0.005347400944717269,True
N-OCTANE,ETHYLBENZENE,19,0.001848563541450594,0.0055235188850758605,0.003996697145133999,True
N-OCTANE,ETHYLCYCLOHEXANE,9,0.0003984698090937067,0.0038251498861058505,0.003426680077012168,True
N-OCTANE,ETHYLCYCLOHEXANE,9,0.0009386047548531652,0.00611596910600037,0.005207070107836222,True
N-OCTANE,ETHYLCYCLOHEXANE,18,0.001009045435510043,0.007754568266859603,0.006760887606612929,True
N-OCTANE,ETHYLCYCLOHEXANE,9,0.0008805152423245159,0.005918024319185789,0.005211175120708854,True
N-OCTANE,ETHYLCYCLOHEXANE,9,0.0014307756260031985,0.008383082027165716,0.0069523064011625495,True
N-OCTANE,ISOPROPANOL,19,0.24468336048564238,0.013732073700188445,0.2554857951657172,False
N-OCTANE,N-DECANE,27,0.013504120946868238,0.015650654002343452,0.003576482800179515,False
N-OCTANE,N-DODECANE,26,0.09256323685079368,0.09679854963339461,0.0055941037406342774,False
N-OCTANE,P-CRESOL,23,0.29993530238488453,0.3080670690966256,0.008233460643100045,False
N-PENTANOL,ETHYLENE GLYCOL,24,2.653369839420471,2.683933352893687,0.03069305856010457,False
N-PENTANOL,"N,N-DIMETHYLFORMAMIDE",18,0.00635173088729164,0.015564768634168565,0.009763544081281496,False
N-PENTANOL,"N,N-DIMETHYLFORMAMIDE",23,0.010821280567607781,0.0274714712992753,0.018667420540576837,False
N-PROPANOL,"1,1,1-TRICHLOROETHANE",13,0.06001379277804452,0.019211407128568087,0.07189774892952984,False
N-PROPANOL,"1,1,2,2-TETRACHLOROETHANE",12,0.5969007861912071,0.6438841124396629,0.049713468752447726,False
N-PROPANOL,"1,2-DICHLOROETHANE",12,0.01846598154823596,0.017117298101532705,0.03253834528596345,False
N-PROPANOL,"1,4-DIOXANE",9,0.00331219919108341,0.01387353393594682,0.011635134742351469,False
N-PROPANOL,"2,2,4-TRIMETHYLPENTANE",18,0.007999290592558612,0.006013633822135073,0.009678077576202664,True
N-PROPANOL,CHLOROBENZENE,28,0.010383564157157674,0.014081824445989941,0.0073552580142511965,False
N-PROPANOL,CHLOROBENZENE,28,0.012652035847336587,0.017018879457086213,0.006531435452809745,False
N-PROPANOL,CHLOROBENZENE,17,0.0365952528086872,0.04851353478768401,0.013599752364286196,False
N-PROPANOL,ETHYL PROPIONATE,27,0.0030466689259143584,0.008086875239093346,0.008176863026616991,True
N-PROPANOL,METHYLCYCLOHEXANE,11,0.01630955642408456,0.01511823229896561,0.01643866477239026,False
N-PROPANOL,N-HEPTANE,9,0.014004063196300123,0.020364191159785962,0.01998191056608149,False
N-PROPANOL,N-OCTANE,18,0.01735798106218445,0.02149450752170871,0.007173412476223014,False
N-PROPANOL,N-PROPYL ACETATE,38,0.0018834058429655935,0.007847425754157226,0.00740593275890088,True
N-PROPANOL,TETRACHLOROETHYLENE,16,0.022979541949046188,0.027178112369225453,0.0067738967705697865,False
N-PROPYL ACETATE,N-BUTANOL,28,325.11931488926683,324.9583854095967,0.42868723987168034,False
N-PROPYL ACETATE,SEC-BUTANOL,29,0.0035369830529167865,0.009332445540685174,0.011586946575010287,False
N-PROPYL ACETATE,SEC-BUTANOL,14,0.5691877139792483,0.553755992618458,0.19829070461475493,False
N-PROPYL ACETATE,SEC-BUTANOL,32,0.0023961026455177293,0.005637516192693777,0.00613630466878087,True
N-PROPYL ACETATE,SEC-BUTANOL,33,0.0015540052493400172,0.005711580501118729,0.006964895921064456,True
N-PROPYL FORMATE,ETHANOL,28,0.010321484685041437,0.013734494883072879,0.016779566108100694,False
N-PROPYL FORMATE,ETHANOL,28,0.005452648652128003,0.010426196219135504,0.010654558947801335,False
N-PROPYL FORMATE,N-BUTANOL,22,0.047146492432603465,0.06478901843901791,0.01764252600641443,False
N-PROPYL FORMATE,N-BUTANOL,26,0.024982213847525074,0.036009555388037774,0.011027341540512693,False
N-PROPYL FORMATE,N-HEPTANE,24,0.010845925381183931,0.019659367674376444,0.010234377387447533,False
N-PROPYL FORMATE,N-NONANE,25,0.10973255732294562,0.11809884058709963,0.008407821393269354,False
N-PROPYL FORMATE,N-OCTANE,25,0.030955029322613948,0.03888285673351422,0.008133603841847406,False
N-PROPYL FORMATE,N-PROPANOL,23,0.011748473566488442,0.020754726628537768,0.00902715727006398,False
N-PROPYL FORMATE,N-PROPANOL,32,0.009858744577587309,0.02072154669725528,0.011334572341378218,False
N-PROPYL N-BUTYRATE,ETHANOL,30,0.16379918449761663,0.013588128443937305,0.1773873129415539,False
N-PROPYL N-BUTYRATE,N-BUTANOL,26,0.022158113038056718,0.013934578993231984,0.034806978597968705,False
N-PROPYL N-BUTYRATE,N-PROPANOL,36,0.1316986983129155,0.022177767640343633,0.15330962931433,False
N-PROPYL PROPIONATE,ETHANOL,26,0.06095551942937416,0.011622040124120308,0.07234886594369343,False
N-PROPYL PROPIONATE,N-PROPANOL,24,0.0271519798232905,0.01778345357784053,0.044887093143760694,False
NAPHTHALENE,1-OCTADECENE,8,2.127542264252556,2.147222290285632,0.019680026033076607,False
NAPHTHALENE,1-OCTADECENE,8,0.460471038804125,0.470881468927836,0.01041043012371103,False
NAPHTHALENE,1-OCTADECENE,9,0.484987743615846,0.49776246295822507,0.016758610270288056,False
NAPHTHALENE,1-OCTADECENE,8,0.14196354396424404,0.14978888911302773,0.009065044339582443,False
NAPHTHALENE,1-OCTADECENE,8,0.1932816375013982,0.20810408698829674,0.014856343607329422,False
NAPHTHALENE,1-OCTADECENE,8,0.061551061454569136,0.06861391633862436,0.0070628548840551975,False
NAPHTHALENE,1-OCTADECENE,7,0.0627869643595214,0.07238316807688663,0.009596203717365236,False
NITROMETHANE,NITROETHANE,7,0.013412720321534,0.030454840280292078,0.017140055056493176,False
NITROMETHANE,NITROETHANE,7,0.028308880193013527,0.06790246014790645,0.03959357995489295,False
NITROMETHANE,NITROETHANE,7,0.008713136116702543,0.015240712534172631,0.008853650445478863,False
NITROMETHANE,NITROETHANE,7,0.006047520067251249,0.01948340545548551,0.013435885388234271,False
O-CRESOL,"1,2,3,4-TETRAHYDRONAPHTHALENE",14,0.003720022593885854,0.008743948247583582,0.005793778339662604,True
P-CRESOL,"1,2,3,4-TETRAHYDRONAPHTHALENE",14,0.012238621601373978,0.030106798615787297,0.030274058101227328,False
P-CRESOL,"1,2,3,4-TETRAHYDRONAPHTHALENE",14,0.001908832843098346,0.005262515998968211,0.005048603173805531,True
P-XYLENE,"1,1,2,2-TETRACHLOROETHANE",24,0.002911288852324351,0.013751883410104124,0.01140960990126262,False
P-XYLENE,"1,2,3,4-TETRAHYDRONAPHTHALENE",11,0.056533790455147566,0.06263889779547145,0.006931799365827738,False
P-XYLENE,"1,2-DICHLOROETHANE",16,0.021509781578050766,0.005441911934155301,0.026726792440545936,False
P-XYLENE,CARBON TETRACHLORIDE,10,0.08389035977587979,0.014354241341489032,0.0978208282056112,False
P-XYLENE,CARBON TETRACHLORIDE,11,0.11272247864362801,0.028850274724398994,0.1294074143765679,False
P-XYLENE,CARBON TETRACHLORIDE,11,0.06342345792028038,0.010181801245906012,0.07360525916618643,False
P-XYLENE,FURFURAL,20,0.014660011199008966,0.028597465010147642,0.018213735555458445,False
P-XYLENE,M-XYLENE,12,0.00043440680747134475,0.0012130014761342564,0.0012025488164573387,True
P-XYLENE,M-XYLENE,12,0.0005407138235042268,0.0014413111005069496,0.0013615917399809867,True
P-XYLENE,"N,N-DIMETHYLFORMAMIDE",16,0.026404064987294057,0.04177499210847263,0.017037552882468852,False
P-XYLENE,O-XYLENE,13,0.0010517708066069764,0.002992530789056811,0.0025529894467733348,True
P-XYLENE,O-XYLENE,13,0.001251950906448722,0.004008341162829162,0.003424953387553126,True
PERFLUOROMETHYLCYCLOHEXANE,1-HEXENE,50,0.05292217963443051,0.023918376791103667,0.06092757004865492,False
PERFLUOROMETHYLCYCLOHEXANE,N-HEXANE,50,0.039104653349098364,0.016202788347508164,0.04735041521796867,False
PHENOL,"1,2,3,4-TETRAHYDRONAPHTHALENE",15,0.0028889408655433644,0.007635177037145167,0.0055143912977898505,True
PHENOL,"1,2,3,4-TETRAHYDRONAPHTHALENE",15,0.004980085304167054,0.009850869367329606,0.005372006344645853,True
PHENOL,BENZYL ALCOHOL,24,0.006844546719244875,0.015581128045628277,0.00969712141858394,False
PHENOL,M-CRESOL,14,0.006356599909851177,0.013843000346585286,0.007785452876940644,False
PIPERIDINE,"1,2,3,4-TETRAHYDRONAPHTHALENE",14,0.09606642446977808,0.10045228595769498,0.004389091571718269,False
PROPIONIC ACID,CUMENE,18,0.006971971455638858,0.014669020340511318,0.009348182813365765,False
PROPIONIC ACID,ETHANOL,26,0.3453006565081524,0.0292268457384368,0.3745275022465891,False
PROPIONIC ACID,M-XYLENE,15,0.023976793419065664,0.022275741205467825,0.03833775650042499,False
PROPIONIC ACID,O-XYLENE,19,0.00698979006532333,0.017821238574114506,0.01270373166232276,False
PYRIDINE,"1,2,3,4-TETRAHYDRONAPHTHALENE",17,0.05100890505113357,0.05356092254302977,0.003784874341784373,False
SEC-BUTANOL,CHLOROBENZENE,11,0.05120273368113291,0.06641226766458051,0.0217649280124128,False
SEC-BUTANOL,ISOBUTANOL,13,0.0035559771820542043,0.01346313416160285,0.010262925179174922,False
SEC-BUTANOL,M-XYLENE,21,0.022591990631506163,0.029398191163231016,0.007122488781894516,False
SEC-BUTANOL,N-BUTANOL,11,0.010526786464700346,0.021863773651492127,0.01146212666162663,False
SEC-BUTANOL,N-OCTANE,19,0.010722191251008527,0.01517488929636187,0.0050096039006568985,False
SEC-BUTANOL,P-XYLENE,21,0.022094583709600733,0.024571941462165642,0.004052942114105983,False
TERT-BUTANOL,1-BROMOPROPANE,23,0.01423555975384895,0.010824154127846878,0.022946275229078855,False
TERT-BUTANOL,CHLOROBENZENE,16,0.14370394602245923,0.1650159680323838,0.021312022009924547,False
TERT-BUTANOL,CYCLOHEXANOL,13,0.10087707544260147,0.1075142799191458,0.007399303073459226,False
TERT-BUTANOL,CYCLOHEXANOL,20,0.08251883443663714,0.08861350662442133,0.006361186492857893,False
TERT-BUTANOL,DIETHYL KETONE,32,0.40532670871937015,0.2704928839313683,0.3280885047644684,False
TERT-BUTANOL,ISOBUTANOL,11,0.01089014441050548,0.01918196517716266,0.008520583122742653,False
TERT-BUTANOL,METHYL ISOBUTYL KETONE,22,0.018583246842635317,0.0273124928230735,0.010178019263266601,False
TERT-BUTANOL,N-BUTANOL,17,0.02679141700223579,0.03746670862690542,0.010954809714110718,False
TERT-BUTANOL,N-HEPTANE,17,0.07180717660838681,0.09480419437121779,0.03659821076316013,False
TERT-BUTANOL,N-OCTANE,20,0.020176369353413968,0.024060929362963102,0.003899552755838641,False
TERT-BUTANOL,SEC-BUTANOL,11,0.013616470957623411,0.0287307176464525,0.015516622232234418,False
TERT-BUTANOL,WATER,11,1.0320609994609238,1.0596724882854696,0.031052836854011015,False
TETRACHLOROETHYLENE,FURFURAL,24,0.008533012033264266,0.012458437103060847,0.004794243940232681,False
TETRACHLOROETHYLENE,ISOPROPANOL,30,0.007030886722237214,0.00385982875573438,0.008884995531655747,True
TETRACHLOROETHYLENE,ISOPROPANOL,27,0.01865876547474845,0.006933993691734479,0.022136795545327183,False
TETRACHLOROETHYLENE,N-BUTANOL,22,0.026107593089618464,0.029329147774425846,0.009074929892618494,False
TETRACHLOROETHYLENE,N-BUTANOL,21,0.014895379935080949,0.02073702566503193,0.013836603558737401,False
TETRACHLOROETHYLENE,N-PROPANOL,30,0.01629265319681063,0.009873216188120648,0.022204060879352703,False
TETRACHLOROETHYLENE,SEC-BUTANOL,21,0.011614443156224293,0.009095767059635778,0.016466296960357677,False
TETRACHLOROETHYLENE,SEC-BUTANOL,22,0.007345922740034303,0.0058636002369930025,0.010449177989297991,False
TETRAHYDROFURAN,ETHANOL,9,0.007067752484734468,0.01053504688629361,0.0036557072208086,False
TETRAHYDROFURAN,ETHANOL,10,0.004151725542701613,0.006607539922154319,0.002618189395421404,True
TETRAHYDROFURAN,ETHANOL,12,0.002327627170254753,0.004789976624589242,0.0028832381242533535,True
TETRAHYDROFURAN,"N,N-DIMETHYLFORMAMIDE",7,0.9861958861816339,1.0167450790299166,0.03054919284828293,False
TETRAHYDROFURAN,N-PROPYL ACETATE,14,0.14664747824469276,0.21323011603099298,0.06977275483355684,False
TETRAHYDROFURAN,SEC-BUTANOL,13,0.03642866058728168,0.05308631387412917,0.016657653286847464,False
TETRAHYDROFURAN,TOLUENE,17,2.4228335856040575,2.1293034933661668,0.8294912327161912,False
TOLUENE,ACETONITRILE,16,0.03235993905920576,0.010386998504077139,0.042569224089824206,False
TOLUENE,BENZALDEHYDE,11,0.41549369668521047,0.4537790025997589,0.03828530591454855,False
TOLUENE,M-XYLENE,10,0.024628730841230788,0.03656960532078521,0.01339194513858899,False
TOLUENE,N-BUTANOL,17,0.012491692386166526,0.024177218319129112,0.01391982529276049,False
TOLUENE,N-BUTANOL,19,0.012677590152799498,0.022070498644526985,0.010914395268526821,False
TOLUENE,N-BUTANOL,20,0.01625959976221567,0.028064188669437645,0.013880522345932178,False
TOLUENE,N-BUTANOL,16,0.007652610686925524,0.01319729856941697,0.007448760001795385,False
TOLUENE,TRIETHYLENE GLYCOL,10,2.7520860354589494,2.7529317994072775,0.000845763948328686,False
"TRANS-1,2-DICHLOROETHYLENE","1,1,1-TRICHLOROETHANE",16,0.0065635818374179455,0.010252518217742389,0.005129719881051616,False
"TRANS-1,2-DICHLOROETHYLENE",ACETONE,17,0.006252618391478924,0.014285220510247273,0.009336958645159713,False
"TRANS-1,2-DICHLOROETHYLENE","CIS-1,2-DICHLOROETHYLENE",16,0.004050386269108902,0.009975910943366105,0.007255172779021709,True
"TRANS-1,2-DICHLOROETHYLENE",DIISOPROPYL ETHER,14,0.01240719984951169,0.019903306914490743,0.010135460273457134,False
"TRANS-1,2-DICHLOROETHYLENE",ETHYL FORMATE,15,0.0046316310785584226,0.01466435094015495,0.011117773576068803,False
"TRANS-1,2-DICHLOROETHYLENE",METHANOL,19,0.04336001806397061,0.0507528732955694,0.02219983384558567,False
"TRANS-1,2-DICHLOROETHYLENE",METHYL ACETATE,16,0.006744597968139275,0.013203949253042031,0.008144983024723662,False
"TRANS-1,2-DICHLOROETHYLENE",METHYL ETHYL KETONE,17,0.015957829516137098,0.023277242312157984,0.008306241445693714,False
"TRANS-1,2-DICHLOROETHYLENE",TETRAHYDROFURAN,14,0.013477968090381228,0.0269384408409907,0.015087630362452,False
TRICHLOROETHYLENE,FURFURAL,20,0.045096324532054116,0.05042236735653803,0.005647598786796445,False
TRICHLOROETHYLENE,ISOPROPANOL,24,0.013252860500575453,0.010667467527305935,0.014172579220772764,False
TRICHLOROETHYLENE,ISOPROPANOL,23,0.016406531716604614,0.010487269246687058,0.021580985711190576,False
TRICHLOROETHYLENE,N-BUTANOL,28,0.030196529408225897,0.03740244491505334,0.007540102592925499,False
TRICHLOROETHYLENE,N-BUTANOL,25,0.019299679334760383,0.02720688953899803,0.008753761571503574,False
TRICHLOROETHYLENE,N-PROPANOL,22,0.026528170045574093,0.03348005263976123,0.009489899901239716,False
TRICHLOROETHYLENE,N-PROPANOL,22,0.01233314060705314,0.017654269197331127,0.010362669742804155,False
TRICHLOROETHYLENE,N-PROPANOL,16,0.01307542137005431,0.01792108751994598,0.010397084542205896,False
TRICHLOROETHYLENE,SEC-BUTANOL,30,0.012533149039409799,0.017777260622608766,0.0093504584150978,False
TRICHLOROETHYLENE,SEC-BUTANOL,29,0.0047362488152795775,0.008834107551395446,0.007966475431647383,True
TRICHLOROETHYLENE,TETRACHLOROETHYLENE,16,0.015594253053184643,0.02474061990641724,0.009183201207939622,False
VINYL ACETATE,1-BROMOPROPANE,25,0.0017861839456411771,0.005716573996524938,0.007045755039723663,True
VINYL ACETATE,"2,4-DIMETHYLPENTANE",8,0.008633629607211684,0.020871045392063848,0.015803468053518982,False
VINYL ACETATE,3-METHYL-1-BUTANOL,14,0.16482808083628814,0.17834770797982563,0.013853300021357859,False
VINYL ACETATE,ACETIC ACID,10,0.1067669278544577,0.12900742386985758,0.02228354694990056,False
VINYL ACETATE,METHYL METHACRYLATE,26,0.009208169212987605,0.016325319443717286,0.007452528769836266,False
VINYL ACETATE,N-DECANE,22,0.12982489131714495,0.1391241026012325,0.01252476802371541,False
VINYL ACETATE,TOLUENE,19,0.0198901886570568,0.027874053116944096,0.008342888926543956,False
WATER,"1,4-DIOXANE",18,0.03477812070559824,0.024341286707000098,0.03271169844397101,False
WATER,2-METHYL-2-BUTANOL,9,0.9249655197062011,1.0027889231343075,0.13376673259059096,False
WATER,2-METHYL-2-BUTANOL,8,7.793252140954758,0.2983747066428157,7.767754416773501,False
WATER,2-PENTANOL,11,0.0626235853864692,0.05246258702183493,0.030381582631695003,False
WATER,ACETIC ACID,14,0.012776085099843409,0.022913805535544767,0.011971139669819183,False
WATER,ACETIC ACID,15,0.014457055870070104,0.025862480335565055,0.01253320739671067,False
WATER,ACETIC ACID,16,0.01314082157710416,0.024642590357231788,0.011504216976182985,False
WATER,ANILINE,22,564.9226434913747,564.9524429714546,0.02979948007994625,False
WATER,DIETHANOLAMINE,7,1.585093467782028e+282,1.585093467782028e+282,0.2086354279269545,False
WATER,DIMETHYL SULFOXIDE,18,567542841364.2782,567542841359.9738,5.445692507022485,False
WATER,DIMETHYL SULFOXIDE,20,168398.35147325278,168394.63074765063,4.9027599865377,False
WATER,DIMETHYL SULFOXIDE,15,75.39696669818343,74.94277130776888,1.7078998667308922,False
WATER,ETHYLENE GLYCOL,18,0.44743148143123723,0.4669139719533502,0.020071580182100167,False
WATER,ETHYLENEDIAMINE,14,0.07801524457240436,0.2420614312849619,0.2835945338141593,False
WATER,ETHYLENEDIAMINE,13,24.775128336848304,0.3526082183319756,24.9903254486956,False
WATER,ETHYLENEDIAMINE,10,0.13960018750366734,0.2533350594653184,0.2041336870927693,False
WATER,ETHYLENEDIAMINE,9,0.12208792604292697,0.1969377878720851,0.24745893845318262,False
WATER,FORMIC ACID,9,0.015773083670638795,0.014157630815004658,0.025115012048248453,False
WATER,FORMIC ACID,11,0.010877125933031345,0.014480316260728588,0.018289110343179076,False
WATER,FORMIC ACID,12,0.005476399590215137,0.011113767301059702,0.009900215854431182,False
WATER,GLYCEROL,16,6.221394147998959e+27,6.221394147998959e+27,2.4190937008149422,False
WATER,ISOBUTANOL,10,0.08041595277224742,0.02664538969586811,0.08368026945343142,False
WATER,ISOPROPANOL,23,0.020079281893753565,0.004267139254974938,0.02233076808968762,False
WATER,ISOPROPANOL,24,0.017832188737155547,0.0049788277986114885,0.021008061858722272,False
WATER,ISOPROPANOL,25,0.029856312048796504,0.009147304357785662,0.03618636040632702,False
WATER,METHYL ISOBUTYL KETONE,20,0.10713236463550904,0.09800328377531801,0.044555575501947796,False
WATER,MONOETHANOLAMINE,13,0.057783637120843764,0.06426075375169917,0.006570920900719776,False
WATER,MONOETHANOLAMINE,12,0.0813948240824718,0.09687377891373657,0.015555946127876414,False
WATER,N-BUTANOL,15,0.09730676483860076,0.08299010751175885,0.08308337890744007,False
WATER,N-BUTANOL,20,0.02542499682766668,0.023521319913943677,0.01544195027487871,False
WATER,N-BUTANOL,16,0.016264658008582,0.014233387687923153,0.01052822443128315,False
WATER,N-PROPANOL,24,0.023717234736474413,0.011519786678844424,0.02976478789128727,False
WATER,N-PROPANOL,26,0.013018720101401772,0.011054976538211582,0.016500604341731156,False
WATER,N-PROPANOL,26,0.011274087478858988,0.008286305863138988,0.011971248945950159,False
WATER,PROPIONIC ACID,7,1.4111542054794917,1.4692470823730328,0.05851674441028599,False
WATER,PROPIONIC ACID,9,0.10832892221014569,0.12125352662738144,0.013304666297674322,False
WATER,PROPIONIC ACID,8,0.10625251124181315,0.1192787692237693,0.013747706965427525,False
