ID,Type,Compound_1,Compound_2,Compound_3,T_K,P_kPa,x_1,x_2,y_1,y_2,SMILES_1,SMILES_2,SMILES_3,Coefficient A_1,Coefficient B_1,Coefficient C_1,Coefficient D_1,"T range, from_1","T range, to_1",P_vap_1,gamma_1,Coefficient A_2,Coefficient B_2,Coefficient C_2,Coefficient D_2,"T range, from_2","T range, to_2",P_vap_2,gamma_2,Coefficient A_3,Coefficient B_3,Coefficient C_3,Coefficient D_3,"T range, from_3","T range, to_3",P_vap_3,gamma_3,x_3,y_3,inchikey_1,inchikey_2,inchikey_3,pred_ln_IDAC_12,pred_ln_IDAC_13,pred_ln_IDAC_21,pred_ln_IDAC_23,pred_ln_IDAC_31,pred_ln_IDAC_32,K1_12,K2_12,K1_13,K2_13,K1_21,K2_21,K1_23,K2_23,K1_31,K2_31,K1_32,K2_32,Jaccard_distance,y_1_pred,y_2_pred,y_3_pred
10,Isothermal,Hexane,Methanol,Acetone,313.15,68.7,0.0937,0.1062,0.2201,0.1031,CCCCCC,CO,CC(=O)C,-13.99935,-7284.572,105.9605,1.410325e-05,177.84,507.43,37.76731322766738,4.2728839586458776,-9.372816,-7029.198,79.09415,7.992729e-06,175.47,512.58,35.466908269967284,1.880474955998275,-7.858812,-5784.592,66.96925,7.104956e-06,178.45,508.2,56.35183394565919,1.0312519010304737,0.8001,0.6768000000000001,VLKZOEOYAKHREP-UHFFFAOYSA-N,OKKJLVBELUTLKV-UHFFFAOYSA-N,CSCPPACGZOOCGX-UHFFFAOYSA-N,3.14697358521832,1.768106414185685,4.158117287459321,0.6660793754176253,1.7186066486118667,0.8260427496217417,0.41204953,856.44147,-0.18724287,612.3176,-4.82076,2811.7354,-1.7198427,747.1515,-1.8381808,1113.808,-2.6266382,1081.207,0,0.24062614752684636,0.10589336793296356,0.6534804845401899
10,Isothermal,Hexane,Methanol,Acetone,313.15,71.939,0.1654,0.0978,0.2901,0.0968,CCCCCC,CO,CC(=O)C,-13.99935,-7284.572,105.9605,1.410325e-05,177.84,507.43,37.76731322766738,3.3408773332834483,-9.372816,-7029.198,79.09415,7.992729e-06,175.47,512.58,35.466908269967284,2.0076017582608605,-7.858812,-5784.592,66.96925,7.104956e-06,178.45,508.2,56.35183394565919,1.0622776421625637,0.7368,0.6131,VLKZOEOYAKHREP-UHFFFAOYSA-N,OKKJLVBELUTLKV-UHFFFAOYSA-N,CSCPPACGZOOCGX-UHFFFAOYSA-N,3.14697358521832,1.768106414185685,4.158117764296479,0.6660791369990462,1.7186066486118667,0.8260427496217417,0.41204953,856.44147,-0.18724287,612.3176,-4.8207593,2811.7354,-1.7198429,747.1515,-1.8381808,1113.808,-2.6266382,1081.207,0,0.3128167925296524,0.10446019948517372,0.5827230079851738
10,Isothermal,Hexane,Methanol,Acetone,313.15,73.595,0.2473,0.0882,0.3349,0.0938,CCCCCC,CO,CC(=O)C,-13.99935,-7284.572,105.9605,1.410325e-05,177.84,507.43,37.76731322766738,2.6389019294347342,-9.372816,-7029.198,79.09415,7.992729e-06,175.47,512.58,35.466908269967284,2.206780975013095,-7.858812,-5784.592,66.96925,7.104956e-06,178.45,508.2,56.35183394565919,1.1228183300172403,0.6645000000000001,0.5713,VLKZOEOYAKHREP-UHFFFAOYSA-N,OKKJLVBELUTLKV-UHFFFAOYSA-N,CSCPPACGZOOCGX-UHFFFAOYSA-N,3.1469737538967046,1.768106414185685,4.158117764296479,0.6660791369990462,1.7186066486118667,0.8260427496217417,0.41204405,856.44324,-0.18724287,612.3176,-4.8207593,2811.7354,-1.7198429,747.1515,-1.8381808,1113.808,-2.6266382,1081.207,0,0.3519045534568724,0.10929544160350851,0.5388000049396191
10,Isothermal,Hexane,Methanol,Acetone,313.15,74.185,0.3325,0.0782,0.363,0.0938,CCCCCC,CO,CC(=O)C,-13.99935,-7284.572,105.9605,1.410325e-05,177.84,507.43,37.76731322766738,2.1444453663252085,-9.372816,-7029.198,79.09415,7.992729e-06,175.47,512.58,35.466908269967284,2.508931791604456,-7.858812,-5784.592,66.96925,7.104956e-06,178.45,508.2,56.35183394565919,1.2134764899311197,0.5892999999999999,0.5432,VLKZOEOYAKHREP-UHFFFAOYSA-N,OKKJLVBELUTLKV-UHFFFAOYSA-N,CSCPPACGZOOCGX-UHFFFAOYSA-N,3.14697358521832,1.768106414185685,4.158117764296479,0.6660793754176253,1.7186066486118667,0.8260427496217417,0.41204953,856.44147,-0.18724287,612.3176,-4.8207593,2811.7354,-1.7198427,747.1515,-1.8381808,1113.808,-2.6266382,1081.207,0,0.3688006797076903,0.11920734462245128,0.5119919756698583
10,Isothermal,Hexane,Methanol,Acetone,313.15,74.25,0.4126,0.0688,0.3812,0.0961,CCCCCC,CO,CC(=O)C,-13.99935,-7284.572,105.9605,1.410325e-05,177.84,507.43,37.76731322766738,1.8163688117342487,-9.372816,-7029.198,79.09415,7.992729e-06,175.47,512.58,35.466908269967284,2.9242067530944187,-7.858812,-5784.592,66.96925,7.104956e-06,178.45,508.2,56.35183394565919,1.3280315452446774,0.5186,0.5227,VLKZOEOYAKHREP-UHFFFAOYSA-N,OKKJLVBELUTLKV-UHFFFAOYSA-N,CSCPPACGZOOCGX-UHFFFAOYSA-N,3.14697358521832,1.768106414185685,4.158117287459321,0.6660793754176253,1.7186066486118667,0.8260424504088992,0.41204953,856.44147,-0.18724287,612.3176,-4.82076,2811.7354,-1.7198427,747.1515,-1.8381808,1113.808,-2.6266334,1081.2054,0,0.37353342027690933,0.13216211911171744,0.4943044606113732
10,Isothermal,Hexane,Methanol,Acetone,313.15,68.962,0.0839,0.1827,0.2147,0.1623,CCCCCC,CO,CC(=O)C,-13.99935,-7284.572,105.9605,1.410325e-05,177.84,507.43,37.76731322766738,4.67265634546778,-9.372816,-7029.198,79.09415,7.992729e-06,175.47,512.58,35.466908269967284,1.7272948929604015,-7.858812,-5784.592,66.96925,7.104956e-06,178.45,508.2,56.35183394565919,1.0395585021216178,0.7334,0.623,VLKZOEOYAKHREP-UHFFFAOYSA-N,OKKJLVBELUTLKV-UHFFFAOYSA-N,CSCPPACGZOOCGX-UHFFFAOYSA-N,3.14697358521832,1.768106414185685,4.158117287459321,0.6660793754176253,1.7186066486118667,0.8260427496217417,0.41204953,856.44147,-0.18724287,612.3176,-4.82076,2811.7354,-1.7198427,747.1515,-1.8381808,1113.808,-2.6266382,1081.207,0,0.2400779498476488,0.16281803491432884,0.5971040152380225
10,Isothermal,Hexane,Methanol,Acetone,313.15,72.955,0.1633,0.1668,0.2934,0.152,CCCCCC,CO,CC(=O)C,-13.99935,-7284.572,105.9605,1.410325e-05,177.84,507.43,37.76731322766738,3.470666600306312,-9.372816,-7029.198,79.09415,7.992729e-06,175.47,512.58,35.466908269967284,1.8744733562420848,-7.858812,-5784.592,66.96925,7.104956e-06,178.45,508.2,56.35183394565919,1.0718077542107358,0.6698999999999999,0.5546,VLKZOEOYAKHREP-UHFFFAOYSA-N,OKKJLVBELUTLKV-UHFFFAOYSA-N,CSCPPACGZOOCGX-UHFFFAOYSA-N,3.14697358521832,1.768106414185685,4.158117287459321,0.6660791369990462,1.7186066486118667,0.8260424504088992,0.41204953,856.44147,-0.18724287,612.3176,-4.82076,2811.7354,-1.7198429,747.1515,-1.8381808,1113.808,-2.6266334,1081.2054,0,0.32410825851128666,0.1579700246419655,0.5179217168467478
10,Isothermal,Hexane,Methanol,Acetone,313.15,74.685,0.2511,0.1493,0.3398,0.1465,CCCCCC,CO,CC(=O)C,-13.99935,-7284.572,105.9605,1.410325e-05,177.84,507.43,37.76731322766738,2.6760483570038764,-9.372816,-7029.198,79.09415,7.992729e-06,175.47,512.58,35.466908269967284,2.066273807845234,-7.858812,-5784.592,66.96925,7.104956e-06,178.45,508.2,56.35183394565919,1.135463746184722,0.5996,0.5137,VLKZOEOYAKHREP-UHFFFAOYSA-N,OKKJLVBELUTLKV-UHFFFAOYSA-N,CSCPPACGZOOCGX-UHFFFAOYSA-N,3.14697358521832,1.768106414185685,4.158117764296479,0.6660793754176253,1.7186066486118667,0.8260426888274783,0.41204953,856.44147,-0.18724287,612.3176,-4.8207593,2811.7354,-1.7198427,747.1515,-1.8381808,1113.808,-2.6266332,1081.2054,0,0.36129107476554373,0.16534978662092426,0.47335913861353196
10,Isothermal,Hexane,Methanol,Acetone,313.15,75.215,0.5013,0.0994,0.4014,0.1473,CCCCCC,CO,CC(=O)C,-13.99935,-7284.572,105.9605,1.410325e-05,177.84,507.43,37.76731322766738,1.5946597524585635,-9.372816,-7029.198,79.09415,7.992729e-06,175.47,512.58,35.466908269967284,3.142660671126541,-7.858812,-5784.592,66.96925,7.104956e-06,178.45,508.2,56.35183394565919,1.5085594462097505,0.3993,0.4513,VLKZOEOYAKHREP-UHFFFAOYSA-N,OKKJLVBELUTLKV-UHFFFAOYSA-N,CSCPPACGZOOCGX-UHFFFAOYSA-N,3.14697358521832,1.768106414185685,4.158117287459321,0.6660791369990462,1.7186066486118667,0.8260424504088992,0.41204953,856.44147,-0.18724287,612.3176,-4.82076,2811.7354,-1.7198429,747.1515,-1.8381808,1113.808,-2.6266334,1081.2054,0,0.3639325261304961,0.22529596479606948,0.41077150907343435
10,Isothermal,Hexane,Methanol,Acetone,313.15,74.735,0.5804,0.0837,0.4154,0.1523,CCCCCC,CO,CC(=O)C,-13.99935,-7284.572,105.9605,1.410325e-05,177.84,507.43,37.76731322766738,1.4162732000717326,-9.372816,-7029.198,79.09415,7.992729e-06,175.47,512.58,35.466908269967284,3.834203440046867,-7.858812,-5784.592,66.96925,7.104956e-06,178.45,508.2,56.35183394565919,1.7068337273595695,0.3359,0.4323,VLKZOEOYAKHREP-UHFFFAOYSA-N,OKKJLVBELUTLKV-UHFFFAOYSA-N,CSCPPACGZOOCGX-UHFFFAOYSA-N,3.14697358521832,1.768106414185685,4.158117764296479,0.6660793754176253,1.7186066486118667,0.8260424504088992,0.41204953,856.44147,-0.18724287,612.3176,-4.8207593,2811.7354,-1.7198427,747.1515,-1.8381808,1113.808,-2.6266334,1081.2054,0,0.35630205437573753,0.2526148960778429,0.3910830495464196
10,Isothermal,Hexane,Methanol,Acetone,313.15,69.54,0.0842,0.2551,0.2268,0.2075,CCCCCC,CO,CC(=O)C,-13.99935,-7284.572,105.9605,1.410325e-05,177.84,507.43,37.76731322766738,4.959633158790742,-9.372816,-7029.198,79.09415,7.992729e-06,175.47,512.58,35.466908269967284,1.5948468945686394,-7.858812,-5784.592,66.96925,7.104956e-06,178.45,508.2,56.35183394565919,1.056594884556613,0.6607,0.5657,VLKZOEOYAKHREP-UHFFFAOYSA-N,OKKJLVBELUTLKV-UHFFFAOYSA-N,CSCPPACGZOOCGX-UHFFFAOYSA-N,3.14697358521832,1.768106414185685,4.158117764296479,0.6660793754176253,1.7186066486118667,0.8260427496217417,0.41204953,856.44147,-0.18724287,612.3176,-4.8207593,2811.7354,-1.7198427,747.1515,-1.8381808,1113.808,-2.6266382,1081.207,0,0.25619296543789677,0.20621025069267923,0.537596783869424
10,Isothermal,Hexane,Methanol,Acetone,313.15,73.831,0.1671,0.232,0.3033,0.1958,CCCCCC,CO,CC(=O)C,-13.99935,-7284.572,105.9605,1.410325e-05,177.84,507.43,37.76731322766738,3.548286026985412,-9.372816,-7029.198,79.09415,7.992729e-06,175.47,512.58,35.466908269967284,1.7568720010537795,-7.858812,-5784.592,66.96925,7.104956e-06,178.45,508.2,56.35183394565919,1.092143043605715,0.6009,0.5009,VLKZOEOYAKHREP-UHFFFAOYSA-N,OKKJLVBELUTLKV-UHFFFAOYSA-N,CSCPPACGZOOCGX-UHFFFAOYSA-N,3.146974062055478,1.7681059373485268,4.158117764296479,0.6660793754176253,1.7186066486118667,0.8260424504088992,0.41205,856.44147,-0.18724334,612.3176,-4.8207593,2811.7354,-1.7198427,747.1515,-1.8381808,1113.808,-2.6266334,1081.2054,0,0.34129820319899984,0.1988429594768402,0.4598588373241601
10,Isothermal,Hexane,Methanol,Acetone,313.15,75.915,0.328,0.1872,0.3682,0.188,CCCCCC,CO,CC(=O)C,-13.99935,-7284.572,105.9605,1.410325e-05,177.84,507.43,37.76731322766738,2.256427825556444,-9.372816,-7029.198,79.09415,7.992729e-06,175.47,512.58,35.466908269967284,2.149593150229032,-7.858812,-5784.592,66.96925,7.104956e-06,178.45,508.2,56.35183394565919,1.233230419068419,0.4847999999999999,0.4437999999999999,VLKZOEOYAKHREP-UHFFFAOYSA-N,OKKJLVBELUTLKV-UHFFFAOYSA-N,CSCPPACGZOOCGX-UHFFFAOYSA-N,3.14697358521832,1.768106414185685,4.158117287459321,0.6660793754176253,1.7186066486118667,0.8260424504088992,0.41204953,856.44147,-0.18724287,612.3176,-4.82076,2811.7354,-1.7198427,747.1515,-1.8381808,1113.808,-2.6266334,1081.2054,0,0.3783955560734842,0.2242881576115002,0.3973162863150157
10,Isothermal,Hexane,Methanol,Acetone,313.15,76.035,0.4152,0.1629,0.3881,0.1872,CCCCCC,CO,CC(=O)C,-13.99935,-7284.572,105.9605,1.410325e-05,177.84,507.43,37.76731322766738,1.8818446037434828,-9.372816,-7029.198,79.09415,7.992729e-06,175.47,512.58,35.466908269967284,2.463627133889485,-7.858812,-5784.592,66.96925,7.104956e-06,178.45,508.2,56.35183394565919,1.3582453639694727,0.4219,0.4246999999999999,VLKZOEOYAKHREP-UHFFFAOYSA-N,OKKJLVBELUTLKV-UHFFFAOYSA-N,CSCPPACGZOOCGX-UHFFFAOYSA-N,3.14697358521832,1.768106414185685,4.158117287459321,0.6660793754176253,1.7186066486118667,0.8260427496217417,0.41204953,856.44147,-0.18724287,612.3176,-4.82076,2811.7354,-1.7198427,747.1515,-1.8381808,1113.808,-2.6266382,1081.207,0,0.3723480304853097,0.25056899888930595,0.3770829706253844
10,Isothermal,Hexane,Methanol,Acetone,313.15,69.96,0.0849,0.3239,0.2415,0.243,CCCCCC,CO,CC(=O)C,-13.99935,-7284.572,105.9605,1.410325e-05,177.84,507.43,37.76731322766738,5.269181465345519,-9.372816,-7029.198,79.09415,7.992729e-06,175.47,512.58,35.466908269967284,1.4798639634658328,-7.858812,-5784.592,66.96925,7.104956e-06,178.45,508.2,56.35183394565919,1.082520153634842,0.5912,0.5155,VLKZOEOYAKHREP-UHFFFAOYSA-N,OKKJLVBELUTLKV-UHFFFAOYSA-N,CSCPPACGZOOCGX-UHFFFAOYSA-N,3.14697358521832,1.768106414185685,4.158117287459321,0.6660791369990462,1.7186066486118667,0.8260424504088992,0.41204953,856.44147,-0.18724287,612.3176,-4.82076,2811.7354,-1.7198429,747.1515,-1.8381808,1113.808,-2.6266334,1081.2054,0,0.2742571278792652,0.24004298495729845,0.4856998871634363
10,Isothermal,Hexane,Methanol,Acetone,313.15,75.714,0.2493,0.2657,0.3503,0.2259,CCCCCC,CO,CC(=O)C,-13.99935,-7284.572,105.9605,1.410325e-05,177.84,507.43,37.76731322766738,2.8169423523016417,-9.372816,-7029.198,79.09415,7.992729e-06,175.47,512.58,35.466908269967284,1.815003787093716,-7.858812,-5784.592,66.96925,7.104956e-06,178.45,508.2,56.35183394565919,1.1740520467032247,0.485,0.4237999999999999,VLKZOEOYAKHREP-UHFFFAOYSA-N,OKKJLVBELUTLKV-UHFFFAOYSA-N,CSCPPACGZOOCGX-UHFFFAOYSA-N,3.1469737538967046,1.768106414185685,4.158117287459321,0.6660793754176253,1.7186066486118667,0.8260427496217417,0.41204405,856.44324,-0.18724287,612.3176,-4.82076,2811.7354,-1.7198427,747.1515,-1.8381808,1113.808,-2.6266382,1081.207,0,0.384933106449614,0.23970829477704145,0.3753585987733446
10,Isothermal,Hexane,Methanol,Acetone,313.15,76.227,0.3323,0.2363,0.3741,0.224,CCCCCC,CO,CC(=O)C,-13.99935,-7284.572,105.9605,1.410325e-05,177.84,507.43,37.76731322766738,2.2722185693492145,-9.372816,-7029.198,79.09415,7.992729e-06,175.47,512.58,35.466908269967284,2.0373694652870404,-7.858812,-5784.592,66.96925,7.104956e-06,178.45,508.2,56.35183394565919,1.260197572906976,0.4313999999999999,0.4019,VLKZOEOYAKHREP-UHFFFAOYSA-N,OKKJLVBELUTLKV-UHFFFAOYSA-N,CSCPPACGZOOCGX-UHFFFAOYSA-N,3.14697358521832,1.768106414185685,4.158117764296479,0.6660793754176253,1.7186066486118667,0.8260427496217417,0.41204953,856.44147,-0.18724287,612.3176,-4.8207593,2811.7354,-1.7198427,747.1515,-1.8381808,1113.808,-2.6266382,1081.207,0,0.3872829136368958,0.2608003251694984,0.35191676119360576
10,Isothermal,Hexane,Methanol,Acetone,313.15,76.114,0.5018,0.1763,0.4083,0.2241,CCCCCC,CO,CC(=O)C,-13.99935,-7284.572,105.9605,1.410325e-05,177.84,507.43,37.76731322766738,1.639823774843393,-9.372816,-7029.198,79.09415,7.992729e-06,175.47,512.58,35.466908269967284,2.727914526258705,-7.858812,-5784.592,66.96925,7.104956e-06,178.45,508.2,56.35183394565919,1.5424497249040203,0.3218999999999999,0.3676,VLKZOEOYAKHREP-UHFFFAOYSA-N,OKKJLVBELUTLKV-UHFFFAOYSA-N,CSCPPACGZOOCGX-UHFFFAOYSA-N,3.14697358521832,1.768106414185685,4.158117287459321,0.6660791369990462,1.7186066486118667,0.8260427496217417,0.41204953,856.44147,-0.18724287,612.3176,-4.82076,2811.7354,-1.7198429,747.1515,-1.8381808,1113.808,-2.6266382,1081.207,0,0.35913348160036884,0.3276512892697465,0.31321522912988475
10,Isothermal,Hexane,Methanol,Acetone,313.15,75.699,0.587,0.1462,0.4242,0.2267,CCCCCC,CO,CC(=O)C,-13.99935,-7284.572,105.9605,1.410325e-05,177.84,507.43,37.76731322766738,1.448460362755771,-9.372816,-7029.198,79.09415,7.992729e-06,175.47,512.58,35.466908269967284,3.3095653288447413,-7.858812,-5784.592,66.96925,7.104956e-06,178.45,508.2,56.35183394565919,1.7577054991024732,0.2668,0.3490999999999999,VLKZOEOYAKHREP-UHFFFAOYSA-N,OKKJLVBELUTLKV-UHFFFAOYSA-N,CSCPPACGZOOCGX-UHFFFAOYSA-N,3.14697358521832,1.768106414185685,4.158117764296479,0.6660793754176253,1.7186066486118667,0.8260427496217417,0.41204953,856.44147,-0.18724287,612.3176,-4.8207593,2811.7354,-1.7198427,747.1515,-1.8381808,1113.808,-2.6266382,1081.207,0,0.34001950391146135,0.3693043516402283,0.29067614444831047
10,Isothermal,Hexane,Methanol,Acetone,313.15,73.634,0.7479,0.0892,0.4561,0.2428,CCCCCC,CO,CC(=O)C,-13.99935,-7284.572,105.9605,1.410325e-05,177.84,507.43,37.76731322766738,1.1889917522855369,-9.372816,-7029.198,79.09415,7.992729e-06,175.47,512.58,35.466908269967284,5.651176733266701,-7.858812,-5784.592,66.96925,7.104956e-06,178.45,508.2,56.35183394565919,2.415238427299428,0.1629,0.3011,VLKZOEOYAKHREP-UHFFFAOYSA-N,OKKJLVBELUTLKV-UHFFFAOYSA-N,CSCPPACGZOOCGX-UHFFFAOYSA-N,3.146974062055478,1.768106414185685,4.158117764296479,0.6660793754176253,1.7186066486118667,0.8260427496217417,0.41205,856.44147,-0.18724287,612.3176,-4.8207593,2811.7354,-1.7198427,747.1515,-1.8381808,1113.808,-2.6266382,1081.207,0,0.3166480103578037,0.44783445818410056,0.23551753145809576
10,Isothermal,Hexane,Methanol,Acetone,313.15,70.156,0.0844,0.3892,0.2556,0.272,CCCCCC,CO,CC(=O)C,-13.99935,-7284.572,105.9605,1.410325e-05,177.84,507.43,37.76731322766738,5.625577759932537,-9.372816,-7029.198,79.09415,7.992729e-06,175.47,512.58,35.466908269967284,1.3824122072997942,-7.858812,-5784.592,66.96925,7.104956e-06,178.45,508.2,56.35183394565919,1.1172510544620229,0.5264,0.4723999999999999,VLKZOEOYAKHREP-UHFFFAOYSA-N,OKKJLVBELUTLKV-UHFFFAOYSA-N,CSCPPACGZOOCGX-UHFFFAOYSA-N,3.14697358521832,1.768106414185685,4.158117287459321,0.6660791369990462,1.7186066486118667,0.8260424504088992,0.41204953,856.44147,-0.18724287,612.3176,-4.82076,2811.7354,-1.7198429,747.1515,-1.8381808,1113.808,-2.6266334,1081.2054,0,0.29136218374080025,0.26723044674791024,0.44140736951128956
10,Isothermal,Hexane,Methanol,Acetone,313.15,74.385,0.1604,0.3569,0.3202,0.2595,CCCCCC,CO,CC(=O)C,-13.99935,-7284.572,105.9605,1.410325e-05,177.84,507.43,37.76731322766738,3.931753126710186,-9.372816,-7029.198,79.09415,7.992729e-06,175.47,512.58,35.466908269967284,1.5249403284059169,-7.858812,-5784.592,66.96925,7.104956e-06,178.45,508.2,56.35183394565919,1.1493688002899105,0.4827,0.4202999999999999,VLKZOEOYAKHREP-UHFFFAOYSA-N,OKKJLVBELUTLKV-UHFFFAOYSA-N,CSCPPACGZOOCGX-UHFFFAOYSA-N,3.14697358521832,1.768106414185685,4.158117287459321,0.6660791369990462,1.7186066486118667,0.8260427496217417,0.41204953,856.44147,-0.18724287,612.3176,-4.82076,2811.7354,-1.7198429,747.1515,-1.8381808,1113.808,-2.6266382,1081.207,0,0.37115673630230095,0.25438264879436545,0.3744606149033335
10,Isothermal,Hexane,Methanol,Acetone,313.15,75.864,0.2483,0.3196,0.3585,0.2548,CCCCCC,CO,CC(=O)C,-13.99935,-7284.572,105.9605,1.410325e-05,177.84,507.43,37.76731322766738,2.90022764446326,-9.372816,-7029.198,79.09415,7.992729e-06,175.47,512.58,35.466908269967284,1.7053167541623355,-7.858812,-5784.592,66.96925,7.104956e-06,178.45,508.2,56.35183394565919,1.2048072958301788,0.4321,0.3866999999999999,VLKZOEOYAKHREP-UHFFFAOYSA-N,OKKJLVBELUTLKV-UHFFFAOYSA-N,CSCPPACGZOOCGX-UHFFFAOYSA-N,3.1469737538967046,1.768106414185685,4.158117764296479,0.6660793754176253,1.7186066486118667,0.8260424504088992,0.41204405,856.44324,-0.18724287,612.3176,-4.8207593,2811.7354,-1.7198427,747.1515,-1.8381808,1113.808,-2.6266334,1081.2054,0,0.39931472439306065,0.2647110670759821,0.33597420853095733
10,Isothermal,Hexane,Methanol,Acetone,313.15,76.327,0.4119,0.25,0.3965,0.2544,CCCCCC,CO,CC(=O)C,-13.99935,-7284.572,105.9605,1.410325e-05,177.84,507.43,37.76731322766738,1.9454205651008407,-9.372816,-7029.198,79.09415,7.992729e-06,175.47,512.58,35.466908269967284,2.189938705928021,-7.858812,-5784.592,66.96925,7.104956e-06,178.45,508.2,56.35183394565919,1.398539755966847,0.3381,0.3490999999999999,VLKZOEOYAKHREP-UHFFFAOYSA-N,OKKJLVBELUTLKV-UHFFFAOYSA-N,CSCPPACGZOOCGX-UHFFFAOYSA-N,3.14697358521832,1.768106414185685,4.158117287459321,0.6660793754176253,1.7186066486118667,0.8260427496217417,0.41204953,856.44147,-0.18724287,612.3176,-4.82076,2811.7354,-1.7198427,747.1515,-1.8381808,1113.808,-2.6266382,1081.207,0,0.38409564492958115,0.32012329993675365,0.29578105513366526
10,Isothermal,Hexane,Methanol,Acetone,313.15,73.283,0.1714,0.1423,0.2971,0.1339,CCCCCC,CO,CC(=O)C,-13.99935,-7284.572,105.9605,1.410325e-05,177.84,507.43,37.76731322766738,3.36340359374879,-9.372816,-7029.198,79.09415,7.992729e-06,175.47,512.58,35.466908269967284,1.9442655677917755,-7.858812,-5784.592,66.96925,7.104956e-06,178.45,508.2,56.35183394565919,1.0781854152798556,0.6863,0.5690000000000001,VLKZOEOYAKHREP-UHFFFAOYSA-N,OKKJLVBELUTLKV-UHFFFAOYSA-N,CSCPPACGZOOCGX-UHFFFAOYSA-N,3.14697358521832,1.768106414185685,4.158117764296479,0.6660793754176253,1.7186066486118667,0.8260427496217417,0.41204953,856.44147,-0.18724287,612.3176,-4.8207593,2811.7354,-1.7198427,747.1515,-1.8381808,1113.808,-2.6266382,1081.207,0,0.3247909821045743,0.1416453341736998,0.533563683721726
10,Isothermal,Hexane,Methanol,Acetone,313.15,76.227,0.333,0.3238,0.3881,0.2768,CCCCCC,CO,CC(=O)C,-13.99935,-7284.572,105.9605,1.410325e-05,177.84,507.43,37.76731322766738,2.352296958496749,-9.372816,-7029.198,79.09415,7.992729e-06,175.47,512.58,35.466908269967284,1.8372774200120816,-7.858812,-5784.592,66.96925,7.104956e-06,178.45,508.2,56.35183394565919,1.320772208772886,0.3432,0.3351,VLKZOEOYAKHREP-UHFFFAOYSA-N,OKKJLVBELUTLKV-UHFFFAOYSA-N,CSCPPACGZOOCGX-UHFFFAOYSA-N,3.14697358521832,1.768106414185685,4.158117764296479,0.6660793754176253,1.7186066486118667,0.8260424504088992,0.41204953,856.44147,-0.18724287,612.3176,-4.8207593,2811.7354,-1.7198427,747.1515,-1.8381808,1113.808,-2.6266334,1081.2054,0,0.4086937437522025,0.3090814079675959,0.2822248482802015
10,Isothermal,Hexane,Methanol,Acetone,313.15,76.003,0.5022,0.2417,0.4177,0.2803,CCCCCC,CO,CC(=O)C,-13.99935,-7284.572,105.9605,1.410325e-05,177.84,507.43,37.76731322766738,1.673795561506564,-9.372816,-7029.198,79.09415,7.992729e-06,175.47,512.58,35.466908269967284,2.485157116022258,-7.858812,-5784.592,66.96925,7.104956e-06,178.45,508.2,56.35183394565919,1.5904500902220833,0.2561,0.302,VLKZOEOYAKHREP-UHFFFAOYSA-N,OKKJLVBELUTLKV-UHFFFAOYSA-N,CSCPPACGZOOCGX-UHFFFAOYSA-N,3.14697358521832,1.768106414185685,4.158117764296479,0.6660793754176253,1.7186066486118667,0.8260427496217417,0.41204953,856.44147,-0.18724287,612.3176,-4.8207593,2811.7354,-1.7198427,747.1515,-1.8381808,1113.808,-2.6266382,1081.207,0,0.364354775729116,0.3901399007934214,0.24550532347746254
10,Isothermal,Hexane,Methanol,Acetone,313.15,74.929,0.6677,0.1613,0.448,0.2858,CCCCCC,CO,CC(=O)C,-13.99935,-7284.572,105.9605,1.410325e-05,177.84,507.43,37.76731322766738,1.331160690057421,-9.372816,-7029.198,79.09415,7.992729e-06,175.47,512.58,35.466908269967284,3.743298514658483,-7.858812,-5784.592,66.96925,7.104956e-06,178.45,508.2,56.35183394565919,2.069921248561553,0.171,0.2662,VLKZOEOYAKHREP-UHFFFAOYSA-N,OKKJLVBELUTLKV-UHFFFAOYSA-N,CSCPPACGZOOCGX-UHFFFAOYSA-N,3.14697358521832,1.768106414185685,4.158117287459321,0.6660793754176253,1.7186066486118667,0.8260427496217417,0.41204953,856.44147,-0.18724287,612.3176,-4.82076,2811.7354,-1.7198427,747.1515,-1.8381808,1113.808,-2.6266382,1081.207,0,0.31298268513068267,0.4865761201579632,0.20044119471135405
10,Isothermal,Hexane,Methanol,Acetone,313.15,71.443,0.8337,0.0807,0.4852,0.3085,CCCCCC,CO,CC(=O)C,-13.99935,-7284.572,105.9605,1.410325e-05,177.84,507.43,37.76731322766738,1.10091701390481,-9.372816,-7029.198,79.09415,7.992729e-06,175.47,512.58,35.466908269967284,7.700483327522364,-7.858812,-5784.592,66.96925,7.104956e-06,178.45,508.2,56.35183394565919,3.0554634410652937,0.0856,0.2062999999999999,VLKZOEOYAKHREP-UHFFFAOYSA-N,OKKJLVBELUTLKV-UHFFFAOYSA-N,CSCPPACGZOOCGX-UHFFFAOYSA-N,3.146974062055478,1.768106414185685,4.158117287459321,0.6660791369990462,1.7186066486118667,0.8260424504088992,0.41205,856.44147,-0.18724287,612.3176,-4.82076,2811.7354,-1.7198429,747.1515,-1.8381808,1113.808,-2.6266334,1081.2054,0,0.29907710100910956,0.5590751331256146,0.14184776586527575
10,Isothermal,Hexane,Methanol,Acetone,313.15,70.217,0.0846,0.5139,0.2878,0.321,CCCCCC,CO,CC(=O)C,-13.99935,-7284.572,105.9605,1.410325e-05,177.84,507.43,37.76731322766738,6.32479723057865,-9.372816,-7029.198,79.09415,7.992729e-06,175.47,512.58,35.466908269967284,1.2366458757514944,-7.858812,-5784.592,66.96925,7.104956e-06,178.45,508.2,56.35183394565919,1.214080580124416,0.4014999999999999,0.3911999999999999,VLKZOEOYAKHREP-UHFFFAOYSA-N,OKKJLVBELUTLKV-UHFFFAOYSA-N,CSCPPACGZOOCGX-UHFFFAOYSA-N,3.14697358521832,1.768106414185685,4.158117287459321,0.6660793754176253,1.7186066486118667,0.8260424504088992,0.41204953,856.44147,-0.18724287,612.3176,-4.82076,2811.7354,-1.7198427,747.1515,-1.8381808,1113.808,-2.6266334,1081.2054,0,0.3322939372501392,0.3091290326027407,0.35857703014712
10,Isothermal,Hexane,Methanol,Acetone,313.15,74.437,0.1666,0.4679,0.3511,0.3049,CCCCCC,CO,CC(=O)C,-13.99935,-7284.572,105.9605,1.410325e-05,177.84,507.43,37.76731322766738,4.153637616409446,-9.372816,-7029.198,79.09415,7.992729e-06,175.47,512.58,35.466908269967284,1.3676340633032134,-7.858812,-5784.592,66.96925,7.104956e-06,178.45,508.2,56.35183394565919,1.243231107770772,0.3655,0.344,VLKZOEOYAKHREP-UHFFFAOYSA-N,OKKJLVBELUTLKV-UHFFFAOYSA-N,CSCPPACGZOOCGX-UHFFFAOYSA-N,3.14697358521832,1.768106414185685,4.158117764296479,0.6660793754176253,1.7186066486118667,0.8260424504088992,0.41204953,856.44147,-0.18724287,612.3176,-4.8207593,2811.7354,-1.7198427,747.1515,-1.8381808,1113.808,-2.6266334,1081.2054,0,0.4142220707739875,0.2906996736786347,0.2950782555473778
10,Isothermal,Hexane,Methanol,Acetone,313.15,75.696,0.2515,0.4202,0.3821,0.3016,CCCCCC,CO,CC(=O)C,-13.99935,-7284.572,105.9605,1.410325e-05,177.84,507.43,37.76731322766738,3.045060241461203,-9.372816,-7029.198,79.09415,7.992729e-06,175.47,512.58,35.466908269967284,1.5318805009302372,-7.858812,-5784.592,66.96925,7.104956e-06,178.45,508.2,56.35183394565919,1.2941755339964611,0.3282999999999999,0.3163,VLKZOEOYAKHREP-UHFFFAOYSA-N,OKKJLVBELUTLKV-UHFFFAOYSA-N,CSCPPACGZOOCGX-UHFFFAOYSA-N,3.14697358521832,1.768106414185685,4.158117764296479,0.6660791369990462,1.7186066486118667,0.8260426888274783,0.41204953,856.44147,-0.18724287,612.3176,-4.8207593,2811.7354,-1.7198429,747.1515,-1.8381808,1113.808,-2.6266332,1081.2054,0,0.43319069798404497,0.3031227946116867,0.26368650740426847
10,Isothermal,Hexane,Methanol,Acetone,313.15,75.903,0.4185,0.3265,0.413,0.3064,CCCCCC,CO,CC(=O)C,-13.99935,-7284.572,105.9605,1.410325e-05,177.84,507.43,37.76731322766738,1.9833412316758696,-9.372816,-7029.198,79.09415,7.992729e-06,175.47,512.58,35.466908269967284,2.008358251711309,-7.858812,-5784.592,66.96925,7.104956e-06,178.45,508.2,56.35183394565919,1.4821712095988804,0.255,0.2805999999999999,VLKZOEOYAKHREP-UHFFFAOYSA-N,OKKJLVBELUTLKV-UHFFFAOYSA-N,CSCPPACGZOOCGX-UHFFFAOYSA-N,3.14697358521832,1.768106414185685,4.158117287459321,0.6660793754176253,1.7186066486118667,0.8260424504088992,0.41204953,856.44147,-0.18724287,612.3176,-4.82076,2811.7354,-1.7198427,747.1515,-1.8381808,1113.808,-2.6266334,1081.2054,0,0.4008526677949233,0.3718384219349638,0.22730891027011282
10,Isothermal,Hexane,Methanol,Acetone,313.15,70.993,0.097,0.5846,0.3243,0.3469,CCCCCC,CO,CC(=O)C,-13.99935,-7284.572,105.9605,1.410325e-05,177.84,507.43,37.76731322766738,6.2845567615718805,-9.372816,-7029.198,79.09415,7.992729e-06,175.47,512.58,35.466908269967284,1.187784588384435,-7.858812,-5784.592,66.96925,7.104956e-06,178.45,508.2,56.35183394565919,1.3009668310860378,0.3184,0.3288,VLKZOEOYAKHREP-UHFFFAOYSA-N,OKKJLVBELUTLKV-UHFFFAOYSA-N,CSCPPACGZOOCGX-UHFFFAOYSA-N,3.14697358521832,1.768106414185685,4.158117764296479,0.6660793754176253,1.7186066486118667,0.8260427496217417,0.41204953,856.44147,-0.18724287,612.3176,-4.8207593,2811.7354,-1.7198427,747.1515,-1.8381808,1113.808,-2.6266382,1081.207,0,0.3830082811292514,0.3241270304435655,0.2928646884271831
10,Isothermal,Hexane,Methanol,Acetone,313.15,75.2,0.2495,0.4859,0.4004,0.3291,CCCCCC,CO,CC(=O)C,-13.99935,-7284.572,105.9605,1.410325e-05,177.84,507.43,37.76731322766738,3.195400282758931,-9.372816,-7029.198,79.09415,7.992729e-06,175.47,512.58,35.466908269967284,1.4360696111091316,-7.858812,-5784.592,66.96925,7.104956e-06,178.45,508.2,56.35183394565919,1.3642288064065986,0.2645999999999999,0.2705,VLKZOEOYAKHREP-UHFFFAOYSA-N,OKKJLVBELUTLKV-UHFFFAOYSA-N,CSCPPACGZOOCGX-UHFFFAOYSA-N,3.14697358521832,1.768106414185685,4.158117764296479,0.6660793754176253,1.7186066486118667,0.8260427496217417,0.41204953,856.44147,-0.18724287,612.3176,-4.8207593,2811.7354,-1.7198427,747.1515,-1.8381808,1113.808,-2.6266382,1081.207,0,0.4588792420829216,0.3213334912133521,0.2197872667037264
10,Isothermal,Hexane,Methanol,Acetone,313.15,75.375,0.3314,0.4328,0.4155,0.3315,CCCCCC,CO,CC(=O)C,-13.99935,-7284.572,105.9605,1.410325e-05,177.84,507.43,37.76731322766738,2.5022445904636674,-9.372816,-7029.198,79.09415,7.992729e-06,175.47,512.58,35.466908269967284,1.627797113735438,-7.858812,-5784.592,66.96925,7.104956e-06,178.45,508.2,56.35183394565919,1.435145689864156,0.2358,0.253,VLKZOEOYAKHREP-UHFFFAOYSA-N,OKKJLVBELUTLKV-UHFFFAOYSA-N,CSCPPACGZOOCGX-UHFFFAOYSA-N,3.14697358521832,1.768106414185685,4.158117764296479,0.6660793754176253,1.7186066486118667,0.8260424504088992,0.41204953,856.44147,-0.18724287,612.3176,-4.8207593,2811.7354,-1.7198427,747.1515,-1.8381808,1113.808,-2.6266334,1081.2054,0,0.44578338407442303,0.35177958813125043,0.2024370277943264
10,Isothermal,Hexane,Methanol,Acetone,313.15,74.988,0.4335,0.3279,0.4176,0.3132,CCCCCC,CO,CC(=O)C,-13.99935,-7284.572,105.9605,1.410325e-05,177.84,507.43,37.76731322766738,1.912700928738181,-9.372816,-7029.198,79.09415,7.992729e-06,175.47,512.58,35.466908269967284,2.0195228702405643,-7.858812,-5784.592,66.96925,7.104956e-06,178.45,508.2,56.35183394565919,1.5013720698796085,0.2385999999999999,0.2692,VLKZOEOYAKHREP-UHFFFAOYSA-N,OKKJLVBELUTLKV-UHFFFAOYSA-N,CSCPPACGZOOCGX-UHFFFAOYSA-N,3.14697358521832,1.768106414185685,4.158117287459321,0.6660791369990462,1.7186066486118667,0.8260424504088992,0.41204953,856.44147,-0.18724287,612.3176,-4.82076,2811.7354,-1.7198429,747.1515,-1.8381808,1113.808,-2.6266334,1081.2054,0,0.39845945569548896,0.3854347086319149,0.21610583567259609
10,Isothermal,Hexane,Methanol,Acetone,313.15,74.582,0.5885,0.2664,0.4489,0.3439,CCCCCC,CO,CC(=O)C,-13.99935,-7284.572,105.9605,1.410325e-05,177.84,507.43,37.76731322766738,1.506333287320908,-9.372816,-7029.198,79.09415,7.992729e-06,175.47,512.58,35.466908269967284,2.7146175276396494,-7.858812,-5784.592,66.96925,7.104956e-06,178.45,508.2,56.35183394565919,1.8899412730936624,0.1450999999999999,0.2071999999999999,VLKZOEOYAKHREP-UHFFFAOYSA-N,OKKJLVBELUTLKV-UHFFFAOYSA-N,CSCPPACGZOOCGX-UHFFFAOYSA-N,3.14697358521832,1.768106414185685,4.158117764296479,0.6660793754176253,1.7186066486118667,0.8260427496217417,0.41204953,856.44147,-0.18724287,612.3176,-4.8207593,2811.7354,-1.7198427,747.1515,-1.8381808,1113.808,-2.6266382,1081.207,0,0.3411891521609685,0.5067275923979643,0.15208325544106727
10,Isothermal,Hexane,Methanol,Acetone,313.15,73.115,0.7463,0.1642,0.4768,0.3508,CCCCCC,CO,CC(=O)C,-13.99935,-7284.572,105.9605,1.410325e-05,177.84,507.43,37.76731322766738,1.2368390806800382,-9.372816,-7029.198,79.09415,7.992729e-06,175.47,512.58,35.466908269967284,4.404225879658275,-7.858812,-5784.592,66.96925,7.104956e-06,178.45,508.2,56.35183394565919,2.499267006383876,0.0895,0.1724,VLKZOEOYAKHREP-UHFFFAOYSA-N,OKKJLVBELUTLKV-UHFFFAOYSA-N,CSCPPACGZOOCGX-UHFFFAOYSA-N,3.14697358521832,1.768106414185685,4.158117764296479,0.6660793754176253,1.7186066486118667,0.8260424504088992,0.41204953,856.44147,-0.18724287,612.3176,-4.8207593,2811.7354,-1.7198427,747.1515,-1.8381808,1113.808,-2.6266334,1081.2054,0,0.2828294403441888,0.6047899008411781,0.11238065881463308
10,Isothermal,Hexane,Methanol,Acetone,313.15,69.504,0.085,0.6617,0.3341,0.3811,CCCCCC,CO,CC(=O)C,-13.99935,-7284.572,105.9605,1.410325e-05,177.84,507.43,37.76731322766738,7.233546190035809,-9.372816,-7029.198,79.09415,7.992729e-06,175.47,512.58,35.466908269967284,1.1286629831008543,-7.858812,-5784.592,66.96925,7.104956e-06,178.45,508.2,56.35183394565919,1.3867767116592309,0.2533000000000001,0.2847999999999999,VLKZOEOYAKHREP-UHFFFAOYSA-N,OKKJLVBELUTLKV-UHFFFAOYSA-N,CSCPPACGZOOCGX-UHFFFAOYSA-N,3.14697358521832,1.768106414185685,4.158117764296479,0.6660791369990462,1.7186066486118667,0.8260427496217417,0.41204953,856.44147,-0.18724287,612.3176,-4.8207593,2811.7354,-1.7198429,747.1515,-1.8381808,1113.808,-2.6266382,1081.207,0,0.39536911463052854,0.3494191138334483,0.2552117715360232
10,Isothermal,Hexane,Methanol,Acetone,313.15,73.646,0.1701,0.6002,0.3957,0.358,CCCCCC,CO,CC(=O)C,-13.99935,-7284.572,105.9605,1.410325e-05,177.84,507.43,37.76731322766738,4.536227322633036,-9.372816,-7029.198,79.09415,7.992729e-06,175.47,512.58,35.466908269967284,1.2385480715907025,-7.858812,-5784.592,66.96925,7.104956e-06,178.45,508.2,56.35183394565919,1.4013432492210518,0.2297,0.2463,VLKZOEOYAKHREP-UHFFFAOYSA-N,OKKJLVBELUTLKV-UHFFFAOYSA-N,CSCPPACGZOOCGX-UHFFFAOYSA-N,3.14697358521832,1.768106414185685,4.158117287459321,0.6660791369990462,1.7186066486118667,0.8260427496217417,0.41204953,856.44147,-0.18724287,612.3176,-4.82076,2811.7354,-1.7198429,747.1515,-1.8381808,1113.808,-2.6266382,1081.207,0,0.4750581352363552,0.3226758559000793,0.2022660088635655
10,Isothermal,Hexane,Methanol,Acetone,313.15,74.625,0.3326,0.4827,0.4328,0.3569,CCCCCC,CO,CC(=O)C,-13.99935,-7284.572,105.9605,1.410325e-05,177.84,507.43,37.76731322766738,2.5711846175347883,-9.372816,-7029.198,79.09415,7.992729e-06,175.47,512.58,35.466908269967284,1.55571579680132,-7.858812,-5784.592,66.96925,7.104956e-06,178.45,508.2,56.35183394565919,1.5078171088700574,0.1846999999999999,0.2102999999999999,VLKZOEOYAKHREP-UHFFFAOYSA-N,OKKJLVBELUTLKV-UHFFFAOYSA-N,CSCPPACGZOOCGX-UHFFFAOYSA-N,3.14697358521832,1.768106414185685,4.158117764296479,0.6660791369990462,1.7186066486118667,0.8260427496217417,0.41204953,856.44147,-0.18724287,612.3176,-4.8207593,2811.7354,-1.7198429,747.1515,-1.8381808,1113.808,-2.6266382,1081.207,0,0.4669498415550847,0.36901612574454934,0.16403403270036598
10,Isothermal,Hexane,Methanol,Acetone,313.15,74.497,0.3972,0.4359,0.4392,0.3608,CCCCCC,CO,CC(=O)C,-13.99935,-7284.572,105.9605,1.410325e-05,177.84,507.43,37.76731322766738,2.1811010433128337,-9.372816,-7029.198,79.09415,7.992729e-06,175.47,512.58,35.466908269967284,1.738581732730547,-7.858812,-5784.592,66.96925,7.104956e-06,178.45,508.2,56.35183394565919,1.5841794980101058,0.1669,0.1999999999999999,VLKZOEOYAKHREP-UHFFFAOYSA-N,OKKJLVBELUTLKV-UHFFFAOYSA-N,CSCPPACGZOOCGX-UHFFFAOYSA-N,3.14697358521832,1.768106414185685,4.158117764296479,0.6660791369990462,1.7186066486118667,0.8260427496217417,0.41204953,856.44147,-0.18724287,612.3176,-4.8207593,2811.7354,-1.7198429,747.1515,-1.8381808,1113.808,-2.6266382,1081.207,0,0.44207943338476535,0.4040927218189805,0.15382784479625414
10,Isothermal,Hexane,Methanol,Acetone,313.15,68.76,0.0848,0.7371,0.3637,0.4173,CCCCCC,CO,CC(=O)C,-13.99935,-7284.572,105.9605,1.410325e-05,177.84,507.43,37.76731322766738,7.80849302435292,-9.372816,-7029.198,79.09415,7.992729e-06,175.47,512.58,35.466908269967284,1.0975757670025676,-7.858812,-5784.592,66.96925,7.104956e-06,178.45,508.2,56.35183394565919,1.5004032937330738,0.1781,0.2189999999999999,VLKZOEOYAKHREP-UHFFFAOYSA-N,OKKJLVBELUTLKV-UHFFFAOYSA-N,CSCPPACGZOOCGX-UHFFFAOYSA-N,3.1469737538967046,1.768106414185685,4.158117287459321,0.6660791369990462,1.7186066486118667,0.8260427496217417,0.41204405,856.44324,-0.18724287,612.3176,-4.82076,2811.7354,-1.7198429,747.1515,-1.8381808,1113.808,-2.6266382,1081.207,0,0.435286385937051,0.36950367178729643,0.19520994227565266
10,Isothermal,Hexane,Methanol,Acetone,313.15,72.698,0.1655,0.6721,0.4217,0.3899,CCCCCC,CO,CC(=O)C,-13.99935,-7284.572,105.9605,1.410325e-05,177.84,507.43,37.76731322766738,4.904694661767446,-9.372816,-7029.198,79.09415,7.992729e-06,175.47,512.58,35.466908269967284,1.1891002521564762,-7.858812,-5784.592,66.96925,7.104956e-06,178.45,508.2,56.35183394565919,1.4966122033554248,0.1624,0.1884,VLKZOEOYAKHREP-UHFFFAOYSA-N,OKKJLVBELUTLKV-UHFFFAOYSA-N,CSCPPACGZOOCGX-UHFFFAOYSA-N,3.14697358521832,1.768106414185685,4.158117764296479,0.6660791369990462,1.7186066486118667,0.8260424504088992,0.41204953,856.44147,-0.18724287,612.3176,-4.8207593,2811.7354,-1.7198429,747.1515,-1.8381808,1113.808,-2.6266334,1081.2054,0,0.5103538747939831,0.33683997564802454,0.1528061495579925
10,Isothermal,Hexane,Methanol,Acetone,313.15,73.443,0.2481,0.6056,0.4443,0.3843,CCCCCC,CO,CC(=O)C,-13.99935,-7284.572,105.9605,1.410325e-05,177.84,507.43,37.76731322766738,3.482441803101281,-9.372816,-7029.198,79.09415,7.992729e-06,175.47,512.58,35.466908269967284,1.314049105356237,-7.858812,-5784.592,66.96925,7.104956e-06,178.45,508.2,56.35183394565919,1.5268938489044286,0.1462999999999999,0.1714000000000001,VLKZOEOYAKHREP-UHFFFAOYSA-N,OKKJLVBELUTLKV-UHFFFAOYSA-N,CSCPPACGZOOCGX-UHFFFAOYSA-N,3.14697358521832,1.768106414185685,4.158117287459321,0.6660791369990462,1.7186066486118667,0.8260427496217417,0.41204953,856.44147,-0.18724287,612.3176,-4.82076,2811.7354,-1.7198429,747.1515,-1.8381808,1113.808,-2.6266382,1081.207,0,0.5172482361443421,0.34954912337560967,0.1332026404800482
10,Isothermal,Hexane,Methanol,Acetone,313.15,73.139,0.4991,0.4035,0.4648,0.3966,CCCCCC,CO,CC(=O)C,-13.99935,-7284.572,105.9605,1.410325e-05,177.84,507.43,37.76731322766738,1.8034806103416925,-9.372816,-7029.198,79.09415,7.992729e-06,175.47,512.58,35.466908269967284,2.026911829009193,-7.858812,-5784.592,66.96925,7.104956e-06,178.45,508.2,56.35183394565919,1.8469078915445936,0.0973999999999999,0.1386,VLKZOEOYAKHREP-UHFFFAOYSA-N,OKKJLVBELUTLKV-UHFFFAOYSA-N,CSCPPACGZOOCGX-UHFFFAOYSA-N,3.14697358521832,1.768106414185685,4.158117287459321,0.6660791369990462,1.7186066486118667,0.8260427496217417,0.41204953,856.44147,-0.18724287,612.3176,-4.82076,2811.7354,-1.7198429,747.1515,-1.8381808,1113.808,-2.6266382,1081.207,0,0.40730078157578936,0.49377298392732916,0.09892623449688157
10,Isothermal,Hexane,Methanol,Acetone,313.15,72.782,0.5784,0.3396,0.4718,0.4003,CCCCCC,CO,CC(=O)C,-13.99935,-7284.572,105.9605,1.410325e-05,177.84,507.43,37.76731322766738,1.571945727480954,-9.372816,-7029.198,79.09415,7.992729e-06,175.47,512.58,35.466908269967284,2.418903608344529,-7.858812,-5784.592,66.96925,7.104956e-06,178.45,508.2,56.35183394565919,2.0145248227795727,0.0819999999999999,0.1279,VLKZOEOYAKHREP-UHFFFAOYSA-N,OKKJLVBELUTLKV-UHFFFAOYSA-N,CSCPPACGZOOCGX-UHFFFAOYSA-N,3.14697358521832,1.768106414185685,4.158117287459321,0.6660791369990462,1.7186066486118667,0.8260424504088992,0.41204953,856.44147,-0.18724287,612.3176,-4.82076,2811.7354,-1.7198429,747.1515,-1.8381808,1113.808,-2.6266334,1081.2054,0,0.360022267381467,0.5527005511646751,0.08727718145385784
10,Isothermal,Hexane,Methanol,Acetone,313.15,72.311,0.6636,0.2709,0.482,0.4028,CCCCCC,CO,CC(=O)C,-13.99935,-7284.572,105.9605,1.410325e-05,177.84,507.43,37.76731322766738,1.3906855375801177,-9.372816,-7029.198,79.09415,7.992729e-06,175.47,512.58,35.466908269967284,3.031527363416965,-7.858812,-5784.592,66.96925,7.104956e-06,178.45,508.2,56.35183394565919,2.2568749287559013,0.0655,0.1152,VLKZOEOYAKHREP-UHFFFAOYSA-N,OKKJLVBELUTLKV-UHFFFAOYSA-N,CSCPPACGZOOCGX-UHFFFAOYSA-N,3.146974062055478,1.768106414185685,4.158117287459321,0.6660793754176253,1.7186066486118667,0.8260426888274783,0.41205,856.44147,-0.18724287,612.3176,-4.82076,2811.7354,-1.7198427,747.1515,-1.8381808,1113.808,-2.6266332,1081.2054,0,0.3126085551972567,0.6136893029948998,0.07370214180784355
10,Isothermal,Hexane,Methanol,Acetone,313.15,66.797,0.0796,0.8155,0.3944,0.4622,CCCCCC,CO,CC(=O)C,-13.99935,-7284.572,105.9605,1.410325e-05,177.84,507.43,37.76731322766738,8.763240004806534,-9.372816,-7029.198,79.09415,7.992729e-06,175.47,512.58,35.466908269967284,1.0674304852476102,-7.858812,-5784.592,66.96925,7.104956e-06,178.45,508.2,56.35183394565919,1.6204012383030926,0.1049,0.1434,VLKZOEOYAKHREP-UHFFFAOYSA-N,OKKJLVBELUTLKV-UHFFFAOYSA-N,CSCPPACGZOOCGX-UHFFFAOYSA-N,3.14697358521832,1.768106414185685,4.158117764296479,0.6660791369990462,1.7186066486118667,0.8260427496217417,0.41204953,856.44147,-0.18724287,612.3176,-4.8207593,2811.7354,-1.7198429,747.1515,-1.8381808,1113.808,-2.6266382,1081.207,0,0.473494862359298,0.3969991218385066,0.12950601580219542
10,Isothermal,Hexane,Methanol,Acetone,313.15,71.367,0.1669,0.7381,0.4549,0.4253,CCCCCC,CO,CC(=O)C,-13.99935,-7284.572,105.9605,1.410325e-05,177.84,507.43,37.76731322766738,5.150399901485288,-9.372816,-7029.198,79.09415,7.992729e-06,175.47,512.58,35.466908269967284,1.1594560384627954,-7.858812,-5784.592,66.96925,7.104956e-06,178.45,508.2,56.35183394565919,1.5970650262186767,0.0949999999999999,0.1197999999999999,VLKZOEOYAKHREP-UHFFFAOYSA-N,OKKJLVBELUTLKV-UHFFFAOYSA-N,CSCPPACGZOOCGX-UHFFFAOYSA-N,3.14697358521832,1.768106414185685,4.158117287459321,0.6660793754176253,1.7186066486118667,0.8260427496217417,0.41204953,856.44147,-0.18724287,612.3176,-4.82076,2811.7354,-1.7198427,747.1515,-1.8381808,1113.808,-2.6266382,1081.207,0,0.5533669777079615,0.3504981574461137,0.09613486484592483
10,Isothermal,Hexane,Methanol,Acetone,313.15,72.033,0.2522,0.6626,0.4725,0.4185,CCCCCC,CO,CC(=O)C,-13.99935,-7284.572,105.9605,1.410325e-05,177.84,507.43,37.76731322766738,3.573321915374501,-9.372816,-7029.198,79.09415,7.992729e-06,175.47,512.58,35.466908269967284,1.2827800631778248,-7.858812,-5784.592,66.96925,7.104956e-06,178.45,508.2,56.35183394565919,1.6353486286721988,0.0852,0.1090000000000001,VLKZOEOYAKHREP-UHFFFAOYSA-N,OKKJLVBELUTLKV-UHFFFAOYSA-N,CSCPPACGZOOCGX-UHFFFAOYSA-N,3.14697358521832,1.768106414185685,4.158117287459321,0.6660793754176253,1.7186066486118667,0.8260427496217417,0.41204953,856.44147,-0.18724287,612.3176,-4.82076,2811.7354,-1.7198427,747.1515,-1.8381808,1113.808,-2.6266382,1081.207,0,0.5531077171350641,0.36435913693456057,0.08253314593037525
10,Isothermal,Hexane,Methanol,Acetone,313.15,72.022,0.3337,0.5903,0.4783,0.4196,CCCCCC,CO,CC(=O)C,-13.99935,-7284.572,105.9605,1.410325e-05,177.84,507.43,37.76731322766738,2.7333375102012964,-9.372816,-7029.198,79.09415,7.992729e-06,175.47,512.58,35.466908269967284,1.4434592963484745,-7.858812,-5784.592,66.96925,7.104956e-06,178.45,508.2,56.35183394565919,1.716995956971599,0.0759999999999999,0.1021,VLKZOEOYAKHREP-UHFFFAOYSA-N,OKKJLVBELUTLKV-UHFFFAOYSA-N,CSCPPACGZOOCGX-UHFFFAOYSA-N,3.14697358521832,1.768106414185685,4.158117764296479,0.6660791369990462,1.7186066486118667,0.8260427496217417,0.41204953,856.44147,-0.18724287,612.3176,-4.8207593,2811.7354,-1.7198429,747.1515,-1.8381808,1113.808,-2.6266382,1081.207,0,0.5237494241376071,0.40174362513763284,0.07450695072476016
10,Isothermal,Hexane,Methanol,Acetone,313.15,71.905,0.4165,0.517,0.481,0.4233,CCCCCC,CO,CC(=O)C,-13.99935,-7284.572,105.9605,1.410325e-05,177.84,507.43,37.76731322766738,2.198735918509089,-9.372816,-7029.198,79.09415,7.992729e-06,175.47,512.58,35.466908269967284,1.6599441811957876,-7.858812,-5784.592,66.96925,7.104956e-06,178.45,508.2,56.35183394565919,1.83629025113994,0.0665,0.0957,VLKZOEOYAKHREP-UHFFFAOYSA-N,OKKJLVBELUTLKV-UHFFFAOYSA-N,CSCPPACGZOOCGX-UHFFFAOYSA-N,3.14697358521832,1.768106414185685,4.158117287459321,0.6660791369990462,1.7186066486118667,0.8260427496217417,0.41204953,856.44147,-0.18724287,612.3176,-4.82076,2811.7354,-1.7198429,747.1515,-1.8381808,1113.808,-2.6266382,1081.207,0,0.4781720303969026,0.4544673388624405,0.06736063074065687
